zmax	ok	1	0.000095
zmax	ok	1	0.000047
zmax	ok	1	0.000032
zmax	ok	1	0.000029
zmax	ok	1	0.000028
zmax	ok	1	0.000030
zmax	ok	1	0.000033
zmax	ok	1	0.000028
zmax	ok	1	0.000026
zmax	ok	1	0.000037
zmax	ok	1	0.000102
zmax	ok	1	0.000104
zmax	ok	1	0.000044
zmax	ok	1	0.000043
zmax	ok	2	0.000043
zmax	ok	4	0.000050
zmax	ok	4	0.000046
zmax	ok	4	0.000048
zmax	ok	4	0.000050
zmax	ok	4	0.000051
zmax	ok	4	0.000048
zmax	ok	2	0.000034
zmax	ok	2	0.000053
zmax	ok	2	0.000041
zmax	ok	1	0.000031
zmax	ok	1	0.000041
zmax	ok	1	0.000034
zmax	ok	1	0.000041
zmax	ok	2	0.000034
zmax	ok	2	0.000048
zmax	ok	4	0.000045
zmax	ok	2	0.000045
zmax	ok	4	0.000056
zmax	ok	2	0.000036
zmax	ok	4	0.000048
zmax	ok	4	0.000045
zmax	ok	2	0.000041
zmax	ok	2	0.000032
zmax	ok	1	0.000030
zmax	ok	1	0.000027
zmax	ok	1	0.000032
zmax	ok	1	0.000029
zmax	ok	4	0.000041
zmax	ok	4	0.000040
zmax	ok	4	0.000040
zmax	ok	34	0.000281
zmax	ok	4	0.000040
zmax	ok	2	0.000040
zmax	ok	2	0.000047
zmax	ok	1	0.000036
zmax	exhausted	68	0.000274
zmax	ok	1	0.000047
zmax	ok	4	0.000054
zmax	ok	4	0.000055
zmax	ok	4	0.000053
zmax	ok	2	0.000045
zmax	ok	4	0.000043
plain	ok	109	0.000583
zmax	ok	1	0.000028
zmax	ok	4	0.000049
zmax	ok	1	0.000030
zmax	ok	4	0.000047
zmax	ok	4	0.000041
zmax	ok	33	0.000156
zmax	ok	2	0.000031
zmax	ok	2	0.000040
zmax	ok	4	0.000039
zmax	ok	4	0.000039
zmax	ok	1	0.000027
zmax	ok	29	0.000169
zmax	ok	1	0.000029
zmax	ok	2	0.000037
zmax	ok	4	0.000060
zmax	ok	28	0.000138
zmax	ok	2	0.000045
zmax	ok	2	0.000035
zmax	ok	4	0.000044
zmax	ok	4	0.000041
zmax	ok	4	0.000039
zmax	ok	1	0.000027
zmax	ok	40	0.000218
zmax	ok	1	0.000028
zmax	ok	2	0.000035
zmax	ok	15	0.000084
zmax	ok	2	0.000036
zmax	ok	29	0.000160
zmax	ok	7	0.000064
zmax	ok	1	0.000031
zmax	ok	4	0.000044
zmax	ok	24	0.000111
zmax	ok	47	0.000222
zmax	ok	2	0.000034
zmax	ok	2	0.000038
zmax	ok	42	0.000197
zmax	exhausted	64	0.000238
zmax	ok	2	0.000035
plain	ok	25	0.000211
zmax	ok	4	0.000045
zmax	ok	51	0.000232
zmax	ok	4	0.000041
zmax	ok	25	0.000112
zmax	ok	4	0.000040
zmax	ok	59	0.000261
zmax	ok	34	0.000163
zmax	ok	2	0.000032
zmax	ok	4	0.000041
zmax	ok	7	0.000056
zmax	ok	1	0.000029
zmax	ok	27	0.000139
zmax	ok	4	0.000041
zmax	ok	21	0.000112
zmax	ok	11	0.000076
zmax	ok	4	0.000039
zmax	ok	1	0.000031
zmax	ok	23	0.000120
zmax	ok	4	0.000042
zmax	ok	47	0.000228
zmax	ok	15	0.000090
zmax	ok	1	0.000030
zmax	ok	2	0.000042
zmax	ok	2	0.000033
zmax	ok	4	0.000041
zmax	ok	2	0.000033
zmax	ok	4	0.000039
zmax	ok	55	0.000309
zmax	ok	2	0.000031
zmax	ok	1	0.000028
zmax	ok	2	0.000035
zmax	ok	1	0.000033
zmax	ok	2	0.000030
zmax	ok	25	0.000129
zmax	ok	2	0.000030
zmax	ok	4	0.000040
zmax	ok	1	0.000027
zmax	ok	1	0.000026
zmax	ok	2	0.000029
zmax	ok	31	0.000159
zmax	ok	2	0.000030
zmax	ok	1	0.000028
zmax	ok	1	0.000026
zmax	ok	1	0.000028
zmax	ok	21	0.000113
zmax	ok	4	0.000042
zmax	ok	4	0.000038
zmax	ok	2	0.000030
zmax	ok	2	0.000029
zmax	exhausted	47	0.000234
zmax	ok	2	0.000034
zmax	ok	1	0.000026
zmax	ok	1	0.000028
zmax	ok	2	0.000031
zmax	ok	2	0.000031
zmax	ok	4	0.000039
zmax	ok	4	0.000041
zmax	ok	4	0.000038
zmax	ok	1	0.000028
zmax	ok	1	0.000026
zmax	ok	4	0.000035
zmax	ok	2	0.000028
zmax	ok	2	0.000028
zmax	ok	1	0.000025
zmax	exhausted	1	0.000026
plain	exhausted	1	0.000023
zmax	ok	1	0.000032
zmax	ok	1	0.000030
zmax	ok	4	0.000046
zmax	ok	2	0.000032
zmax	ok	4	0.000041
zmax	ok	2	0.000033
zmax	ok	4	0.000042
zmax	ok	1	0.000028
zmax	ok	1	0.000029
zmax	ok	34	0.000156
zmax	ok	4	0.000042
zmax	ok	33	0.000156
zmax	ok	4	0.000043
zmax	ok	23	0.000111
zmax	ok	2	0.000033
zmax	ok	40	0.000211
zmax	ok	4	0.000041
zmax	ok	34	0.000182
zmax	ok	2	0.000034
zmax	ok	29	0.000163
zmax	ok	2	0.000033
zmax	ok	40	0.000207
zmax	ok	1	0.000029
zmax	ok	22	0.000119
zmax	ok	2	0.000031
zmax	ok	35	0.000173
zmax	ok	4	0.000039
zmax	ok	30	0.000143
zmax	ok	2	0.000032
zmax	ok	47	0.000213
zmax	ok	2	0.000031
zmax	ok	28	0.000137
zmax	ok	4	0.000038
zmax	ok	37	0.000178
zmax	ok	1	0.000028
zmax	ok	22	0.000117
zmax	ok	1	0.000030
zmax	ok	4	0.000044
zmax	ok	4	0.000043
zmax	ok	4	0.000044
zmax	ok	2	0.000035
zmax	ok	2	0.000036
zmax	ok	1	0.000031
zmax	ok	1	0.000027
zmax	ok	4	0.000040
zmax	ok	2	0.000035
zmax	ok	2	0.000031
zmax	ok	1	0.000027
zmax	ok	1	0.000028
zmax	ok	4	0.000042
zmax	ok	2	0.000032
zmax	ok	2	0.000031
zmax	ok	4	0.000039
zmax	ok	2	0.000030
zmax	ok	1	0.000027
zmax	ok	1	0.000029
zmax	ok	2	0.000034
zmax	ok	2	0.000034
zmax	ok	4	0.000041
zmax	ok	4	0.000044
zmax	ok	2	0.000034
zmax	ok	1	0.000028
zmax	ok	1	0.000029
zmax	ok	4	0.000043
zmax	ok	2	0.000033
zmax	ok	2	0.000033
zmax	ok	4	0.000044
zmax	ok	2	0.000035
zmax	ok	1	0.000028
zmax	ok	1	0.000041
zmax	ok	4	0.000041
zmax	ok	2	0.000034
zmax	ok	4	0.000044
zmax	ok	2	0.000031
zmax	ok	2	0.000031
zmax	ok	1	0.000026
zmax	exhausted	1	0.000022
plain	exhausted	1	0.000020
zmax	ok	1	0.000028
zmax	ok	1	0.000028
zmax	ok	34	0.000151
zmax	ok	4	0.000040
zmax	ok	34	0.000179
zmax	ok	2	0.000031
zmax	ok	40	0.000211
zmax	ok	4	0.000040
zmax	ok	46	0.000231
zmax	ok	2	0.000032
zmax	ok	28	0.000125
zmax	ok	2	0.000032
zmax	ok	29	0.000156
zmax	ok	4	0.000038
zmax	ok	34	0.000175
zmax	ok	1	0.000027
zmax	ok	15	0.000090
zmax	ok	2	0.000029
zmax	ok	20	0.000101
zmax	ok	4	0.000036
zmax	ok	27	0.000131
zmax	ok	2	0.000029
zmax	ok	25	0.000126
zmax	ok	2	0.000031
zmax	ok	37	0.000166
zmax	ok	4	0.000036
zmax	ok	22	0.000106
zmax	ok	1	0.000026
zmax	ok	15	0.000084
zmax	ok	1	0.000028
zmax	ok	2	0.000032
zmax	ok	4	0.000042
zmax	ok	2	0.000031
zmax	ok	4	0.000042
zmax	ok	4	0.000041
zmax	ok	1	0.000026
zmax	ok	1	0.000027
zmax	ok	34	0.000149
zmax	ok	1	0.000029
zmax	ok	9	0.000063
zmax	ok	4	0.000040
zmax	ok	24	0.000112
zmax	ok	4	0.000042
zmax	ok	23	0.000115
zmax	ok	2	0.000042
zmax	ok	21	0.000103
zmax	ok	2	0.000030
zmax	ok	21	0.000110
zmax	ok	2	0.000031
zmax	ok	41	0.000176
zmax	ok	1	0.000026
zmax	ok	9	0.000062
zmax	ok	1	0.000029
zmax	ok	2	0.000033
zmax	ok	2	0.000033
zmax	ok	2	0.000031
zmax	ok	4	0.000042
zmax	ok	2	0.000031
zmax	ok	1	0.000027
zmax	exhausted	126	0.000513
plain	timeout	20411	0.100096
zmax	exhausted	47	0.000190
plain	timeout	21088	0.100069
zmax	exhausted	126	0.000494
plain	timeout	20702	0.100078
zmax	exhausted	47	0.000180
plain	timeout	21485	0.100060
zmax	exhausted	126	0.000522
plain	timeout	20864	0.100076
zmax	exhausted	47	0.000184
plain	timeout	21394	0.100068
zmax	exhausted	126	0.000501
plain	timeout	20855	0.100082
zmax	ok	1	0.000044
zmax	ok	1	0.000034
zmax	ok	2	0.000036
zmax	ok	4	0.000042
zmax	ok	2	0.000031
zmax	ok	4	0.000042
zmax	ok	4	0.000041
zmax	ok	1	0.000028
zmax	ok	1	0.000029
zmax	ok	2	0.000046
zmax	ok	4	0.000062
zmax	ok	4	0.000049
zmax	ok	2	0.000034
zmax	ok	4	0.000041
zmax	ok	1	0.000028
zmax	ok	1	0.000030
zmax	ok	4	0.000039
zmax	ok	2	0.000040
zmax	ok	4	0.000044
zmax	ok	2	0.000032
zmax	ok	4	0.000042
zmax	ok	1	0.000031
zmax	ok	1	0.000030
zmax	ok	2	0.000032
zmax	ok	4	0.000039
zmax	ok	4	0.000039
zmax	ok	2	0.000036
zmax	ok	2	0.000032
zmax	ok	1	0.000030
zmax	ok	1	0.000028
zmax	ok	2	0.000033
zmax	ok	2	0.000030
zmax	ok	4	0.000038
zmax	ok	2	0.000046
zmax	ok	4	0.000057
zmax	ok	1	0.000034
zmax	ok	1	0.000030
zmax	ok	15	0.000077
zmax	ok	4	0.000041
zmax	ok	6	0.000050
zmax	ok	2	0.000033
zmax	ok	7	0.000055
zmax	ok	4	0.000039
zmax	ok	34	0.000174
zmax	ok	4	0.000042
zmax	ok	25	0.000109
zmax	ok	2	0.000032
zmax	exhausted	64	0.000229
plain	ok	25	0.000139
zmax	ok	4	0.000038
zmax	ok	6	0.000047
zmax	ok	1	0.000029
zmax	ok	29	0.000143
zmax	ok	2	0.000033
zmax	ok	35	0.000171
zmax	ok	4	0.000041
zmax	ok	78	0.000348
zmax	ok	2	0.000049
zmax	ok	26	0.000146
zmax	ok	4	0.000042
zmax	ok	30	0.000150
zmax	ok	2	0.000033
zmax	ok	91	0.000396
zmax	ok	1	0.000029
zmax	ok	29	0.000147
zmax	ok	1	0.000029
zmax	ok	4	0.000039
zmax	ok	2	0.000031
zmax	ok	2	0.000031
zmax	ok	4	0.000039
zmax	ok	2	0.000042
zmax	ok	1	0.000030
zmax	ok	1	0.000025
zmax	ok	4	0.000035
zmax	ok	2	0.000027
zmax	ok	2	0.000026
zmax	ok	1	0.000024
zmax	ok	3	0.000035
zmax	ok	3	0.000036
zmax	ok	12	0.000061
zmax	ok	1	0.000026
zmax	ok	1	0.000033
zmax	exhausted	1	0.000029
plain	exhausted	1	0.000029
zmax	ok	1	0.000060
zmax	ok	1	0.000031
zmax	ok	2	0.000033
zmax	ok	2	0.000032
zmax	ok	2	0.000033
zmax	ok	4	0.000041
zmax	ok	4	0.000039
zmax	ok	1	0.000028
zmax	ok	1	0.000029
zmax	ok	2	0.000033
zmax	ok	2	0.000031
zmax	ok	2	0.000038
zmax	ok	4	0.000041
zmax	ok	2	0.000036
zmax	ok	1	0.000030
zmax	ok	1	0.000034
zmax	ok	2	0.000033
zmax	ok	2	0.000031
zmax	ok	4	0.000040
zmax	ok	4	0.000042
zmax	ok	4	0.000040
zmax	ok	1	0.000039
zmax	ok	1	0.000041
zmax	ok	4	0.000047
zmax	ok	4	0.000041
zmax	ok	2	0.000031
zmax	ok	2	0.000032
zmax	ok	4	0.000039
zmax	ok	1	0.000027
zmax	ok	1	0.000026
zmax	ok	15	0.000076
zmax	ok	4	0.000041
zmax	ok	24	0.000107
zmax	ok	4	0.000039
zmax	ok	34	0.000165
zmax	ok	4	0.000043
zmax	ok	6	0.000048
zmax	ok	2	0.000033
zmax	ok	7	0.000054
zmax	ok	2	0.000031
zmax	ok	7	0.000051
zmax	ok	4	0.000039
zmax	ok	6	0.000046
zmax	ok	1	0.000029
zmax	ok	29	0.000145
zmax	ok	4	0.000055
zmax	ok	41	0.000208
zmax	ok	4	0.000043
zmax	ok	78	0.000352
zmax	ok	2	0.000034
zmax	ok	26	0.000132
zmax	ok	2	0.000033
zmax	ok	35	0.000169
zmax	ok	4	0.000041
zmax	ok	22	0.000116
zmax	ok	1	0.000029
zmax	ok	29	0.000145
zmax	ok	1	0.000029
zmax	ok	4	0.000038
zmax	ok	2	0.000030
zmax	ok	2	0.000030
zmax	ok	4	0.000037
zmax	ok	2	0.000031
zmax	ok	1	0.000026
zmax	ok	1	0.000024
zmax	ok	4	0.000034
zmax	ok	2	0.000029
zmax	ok	2	0.000028
zmax	ok	1	0.000025
zmax	ok	3	0.000050
zmax	ok	3	0.000036
zmax	ok	12	0.000059
zmax	ok	1	0.000025
zmax	ok	1	0.000024
zmax	exhausted	1	0.000036
plain	exhausted	1	0.000021
zmax	ok	1	0.000029
zmax	ok	1	0.000031
zmax	ok	4	0.000039
zmax	ok	2	0.000031
zmax	ok	2	0.000029
zmax	ok	2	0.000031
zmax	ok	4	0.000040
zmax	ok	1	0.000027
plain	timeout	21439	0.100045
zmax	ok	1	0.000029
zmax	ok	4	0.000042
zmax	ok	4	0.000041
zmax	ok	2	0.000031
zmax	ok	2	0.000032
zmax	ok	4	0.000039
zmax	ok	1	0.000027
zmax	ok	1	0.000028
zmax	ok	4	0.000056
zmax	ok	4	0.000061
zmax	exhausted	126	0.000504
zmax	ok	2	0.000036
zmax	ok	2	0.000032
zmax	ok	4	0.000052
zmax	ok	1	0.000027
zmax	ok	1	0.000027
zmax	ok	15	0.000075
zmax	ok	4	0.000038
zmax	ok	6	0.000048
zmax	ok	2	0.000032
zmax	exhausted	64	0.000228
plain	ok	18	0.000105
zmax	ok	2	0.000032
zmax	ok	7	0.000052
zmax	ok	4	0.000039
zmax	ok	34	0.000164
zmax	ok	2	0.000033
zmax	exhausted	64	0.000228
plain	ok	25	0.000142
zmax	ok	4	0.000038
zmax	ok	6	0.000046
zmax	ok	1	0.000029
zmax	ok	29	0.000211
zmax	ok	4	0.000042
zmax	ok	41	0.000197
zmax	ok	4	0.000041
zmax	ok	78	0.000352
zmax	ok	2	0.000033
zmax	ok	91	0.000403
zmax	ok	2	0.000033
zmax	ok	70	0.000319
zmax	ok	2	0.000034
zmax	ok	35	0.000172
zmax	ok	1	0.000028
zmax	ok	29	0.000143
zmax	ok	1	0.000029
zmax	ok	4	0.000038
zmax	ok	2	0.000031
zmax	ok	4	0.000038
zmax	ok	2	0.000030
zmax	ok	2	0.000029
zmax	ok	1	0.000026
zmax	ok	1	0.000024
zmax	ok	4	0.000036
zmax	ok	2	0.000028
zmax	ok	2	0.000028
zmax	ok	1	0.000037
zmax	ok	3	0.000041
zmax	ok	3	0.000034
zmax	ok	12	0.000091
zmax	ok	1	0.000026
zmax	ok	1	0.000023
zmax	exhausted	1	0.000021
plain	exhausted	1	0.000020
zmax	ok	1	0.000028
zmax	ok	1	0.000030
zmax	ok	4	0.000042
zmax	ok	2	0.000031
zmax	ok	4	0.000040
zmax	ok	2	0.000031
zmax	ok	4	0.000041
zmax	ok	1	0.000028
zmax	ok	1	0.000027
zmax	ok	2	0.000031
zmax	ok	2	0.000029
zmax	ok	2	0.000031
zmax	ok	4	0.000039
zmax	ok	4	0.000039
zmax	ok	1	0.000028
zmax	ok	1	0.000027
zmax	ok	15	0.000111
zmax	ok	4	0.000051
zmax	ok	6	0.000050
zmax	ok	4	0.000038
zmax	ok	34	0.000161
zmax	ok	4	0.000040
zmax	ok	24	0.000105
zmax	ok	2	0.000031
zmax	ok	7	0.000054
zmax	ok	2	0.000031
zmax	exhausted	64	0.000229
plain	ok	25	0.000134
zmax	ok	4	0.000039
zmax	ok	6	0.000047
zmax	ok	1	0.000029
zmax	ok	29	0.000144
zmax	ok	2	0.000031
zmax	ok	70	0.000314
zmax	ok	4	0.000042
zmax	ok	78	0.000345
zmax	ok	2	0.000034
zmax	ok	91	0.000401
zmax	ok	2	0.000033
zmax	ok	26	0.000132
zmax	ok	2	0.000046
zmax	ok	35	0.000183
zmax	ok	1	0.000030
zmax	ok	29	0.000144
zmax	ok	1	0.000029
zmax	ok	4	0.000037
zmax	ok	4	0.000038
zmax	ok	4	0.000039
zmax	ok	2	0.000028
zmax	ok	2	0.000029
zmax	ok	1	0.000035
zmax	ok	1	0.000027
zmax	ok	4	0.000041
zmax	ok	2	0.000031
zmax	ok	2	0.000032
zmax	ok	1	0.000030
zmax	ok	3	0.000034
zmax	ok	3	0.000031
zmax	ok	12	0.000057
zmax	ok	1	0.000025
zmax	ok	1	0.000022
zmax	exhausted	1	0.000021
plain	exhausted	1	0.000019
zmax	ok	1	0.000029
zmax	ok	1	0.000040
zmax	ok	4	0.000055
zmax	ok	2	0.000037
zmax	ok	4	0.000040
zmax	ok	2	0.000034
zmax	ok	2	0.000035
zmax	ok	1	0.000036
zmax	ok	1	0.000031
zmax	ok	15	0.000086
zmax	ok	2	0.000033
zmax	ok	7	0.000054
zmax	ok	2	0.000033
zmax	ok	7	0.000055
zmax	ok	4	0.000041
zmax	ok	25	0.000110
zmax	ok	4	0.000042
zmax	ok	24	0.000106
zmax	ok	4	0.000039
zmax	ok	34	0.000161
zmax	ok	2	0.000032
zmax	ok	7	0.000076
zmax	ok	1	0.000035
zmax	ok	40	0.000195
zmax	ok	2	0.000033
zmax	ok	46	0.000216
zmax	ok	4	0.000040
zmax	ok	43	0.000204
zmax	ok	2	0.000032
zmax	ok	116	0.000491
zmax	ok	4	0.000039
zmax	ok	54	0.000245
zmax	ok	4	0.000041
zmax	ok	32	0.000157
zmax	ok	1	0.000028
zmax	ok	40	0.000199
zmax	ok	1	0.000028
zmax	ok	4	0.000039
zmax	ok	2	0.000029
zmax	ok	2	0.000028
zmax	ok	4	0.000035
zmax	ok	2	0.000030
zmax	ok	1	0.000025
zmax	ok	1	0.000025
zmax	ok	4	0.000035
zmax	ok	2	0.000041
zmax	ok	2	0.000039
zmax	ok	1	0.000031
zmax	exhausted	1	0.000025
plain	exhausted	1	0.000021
zmax	ok	1	0.000029
zmax	ok	1	0.000029
zmax	ok	15	0.000076
zmax	ok	4	0.000041
zmax	ok	25	0.000109
zmax	ok	2	0.000032
zmax	ok	7	0.000055
zmax	ok	2	0.000032
zmax	exhausted	64	0.000225
plain	ok	25	0.000133
zmax	ok	4	0.000040
zmax	ok	24	0.000105
zmax	ok	4	0.000039
zmax	ok	34	0.000161
zmax	ok	2	0.000032
zmax	ok	7	0.000056
zmax	ok	1	0.000046
zmax	ok	21	0.000112
zmax	ok	2	0.000033
zmax	ok	25	0.000189
zmax	ok	2	0.000035
zmax	ok	78	0.000346
zmax	ok	4	0.000041
zmax	ok	15	0.000089
zmax	ok	4	0.000039
zmax	ok	31	0.000152
zmax	ok	4	0.000039
zmax	ok	60	0.000265
zmax	ok	1	0.000028
zmax	ok	21	0.000109
zmax	exhausted	47	0.000158
plain	timeout	21421	0.100079
zmax	ok	1	0.000047
zmax	ok	9	0.000068
zmax	ok	1	0.000032
zmax	ok	4	0.000045
zmax	ok	4	0.000042
zmax	ok	2	0.000035
zmax	ok	2	0.000037
zmax	ok	4	0.000042
zmax	ok	1	0.000035
zmax	exhausted	126	0.000499
plain	timeout	20468	0.100061
zmax	exhausted	47	0.000175
plain	timeout	21101	0.100084
zmax	exhausted	126	0.000504
plain	timeout	20701	0.100057
zmax	exhausted	47	0.000174
plain	timeout	21282	0.100087
zmax	exhausted	126	0.000512
plain	timeout	20663	0.100054
zmax	exhausted	47	0.000180
plain	timeout	21235	0.100088
zmax	exhausted	126	0.000510
plain	timeout	20538	0.100049
zmax	ok	1	0.000042
zmax	ok	15	0.000081
zmax	ok	1	0.000033
zmax	ok	84	0.000376
zmax	ok	4	0.000045
zmax	ok	86	0.000380
zmax	ok	4	0.000044
zmax	ok	67	0.000300
zmax	ok	2	0.000034
zmax	ok	97	0.000500
zmax	ok	4	0.000049
zmax	ok	85	0.000383
zmax	ok	2	0.000035
zmax	ok	74	0.000330
zmax	ok	1	0.000030
zmax	ok	84	0.000383
zmax	ok	1	0.000031
zmax	ok	4	0.000044
zmax	ok	2	0.000032
zmax	ok	4	0.000041
zmax	ok	2	0.000032
zmax	ok	4	0.000041
zmax	ok	1	0.000027
zmax	ok	1	0.000028
zmax	ok	4	0.000043
zmax	ok	4	0.000042
zmax	ok	2	0.000031
zmax	ok	4	0.000040
zmax	ok	2	0.000031
zmax	ok	1	0.000028
zmax	ok	4	0.000038
zmax	ok	2	0.000029
zmax	ok	2	0.000030
zmax	ok	2	0.000043
zmax	ok	2	0.000049
zmax	ok	2	0.000036
zmax	ok	2	0.000030
zmax	ok	4	0.000035
zmax	ok	4	0.000033
zmax	ok	2	0.000027
zmax	ok	2	0.000028
zmax	ok	2	0.000029
zmax	ok	2	0.000027
zmax	ok	2	0.000027
zmax	ok	2	0.000029
zmax	ok	2	0.000028
zmax	ok	1	0.000031
zmax	ok	84	0.000382
zmax	ok	1	0.000032
zmax	ok	2	0.000033
zmax	ok	2	0.000034
zmax	ok	4	0.000041
zmax	ok	2	0.000031
zmax	ok	2	0.000032
zmax	ok	1	0.000028
zmax	ok	1	0.000028
zmax	ok	2	0.000032
zmax	ok	4	0.000059
zmax	ok	4	0.000059
zmax	ok	2	0.000056
zmax	ok	4	0.000043
zmax	ok	1	0.000028
zmax	ok	4	0.000039
zmax	ok	2	0.000036
zmax	ok	2	0.000029
zmax	ok	2	0.000030
zmax	ok	2	0.000027
zmax	ok	2	0.000031
zmax	ok	2	0.000028
zmax	ok	4	0.000035
zmax	ok	4	0.000033
zmax	ok	2	0.000026
zmax	ok	2	0.000030
zmax	ok	2	0.000029
zmax	ok	2	0.000027
zmax	ok	2	0.000027
zmax	ok	2	0.000028
zmax	ok	2	0.000027
zmax	ok	1	0.000029
zmax	ok	1	0.000030
zmax	ok	2	0.000034
zmax	ok	4	0.000063
zmax	ok	4	0.000062
zmax	ok	2	0.000036
zmax	ok	4	0.000042
zmax	ok	1	0.000027
zmax	ok	4	0.000038
zmax	ok	2	0.000030
zmax	ok	2	0.000028
zmax	ok	2	0.000029
zmax	ok	2	0.000026
zmax	ok	2	0.000027
zmax	ok	2	0.000029
zmax	ok	4	0.000032
zmax	ok	4	0.000033
zmax	ok	2	0.000026
zmax	ok	2	0.000029
zmax	ok	2	0.000028
zmax	ok	2	0.000026
zmax	ok	2	0.000027
zmax	ok	2	0.000028
zmax	ok	2	0.000028
zmax	ok	1	0.000029
zmax	ok	4	0.000038
zmax	ok	2	0.000029
zmax	ok	2	0.000040
zmax	ok	2	0.000042
zmax	ok	2	0.000039
zmax	ok	2	0.000029
zmax	ok	2	0.000028
zmax	ok	4	0.000033
zmax	ok	4	0.000032
zmax	ok	2	0.000028
zmax	ok	2	0.000028
zmax	ok	2	0.000028
zmax	ok	2	0.000027
zmax	ok	2	0.000030
zmax	ok	2	0.000029
zmax	ok	2	0.000027
plain	timeout	21322	0.100078
zmax	exhausted	126	0.000572
plain	timeout	21281	0.100086
zmax	ok	1	0.000038
zmax	exhausted	126	0.000503
plain	timeout	21243	0.100083
zmax	exhausted	126	0.000502
plain	timeout	21328	0.100087
zmax	exhausted	126	0.000510
plain	timeout	21293	0.100077
zmax	exhausted	126	0.000506
plain	timeout	21276	0.100080
zmax	exhausted	126	0.000497
plain	timeout	21239	0.100079
zmax	exhausted	126	0.000508
plain	timeout	21394	0.100080
zmax	exhausted	126	0.000505
plain	timeout	21347	0.100098
zmax	exhausted	126	0.000496
plain	timeout	21343	0.100077
zmax	exhausted	126	0.000500
plain	timeout	21406	0.100080
zmax	exhausted	126	0.000504
plain	timeout	21454	0.100083
zmax	exhausted	126	0.000576
plain	timeout	21329	0.100080
zmax	ok	1	0.000074
zmax	ok	1	0.000034
zmax	ok	1	0.000031
zmax	ok	1	0.000036
zmax	ok	1	0.000042
zmax	ok	1	0.000035
zmax	ok	1	0.000031
zmax	ok	1	0.000029
zmax	ok	1	0.000027
zmax	ok	1	0.000029
zmax	ok	2	0.000112
zmax	ok	2	0.000119
zmax	ok	1	0.000048
zmax	ok	1	0.000048
zmax	ok	2	0.000066
zmax	ok	4	0.000065
zmax	ok	4	0.000060
zmax	ok	4	0.000061
zmax	ok	2	0.000047
zmax	ok	4	0.000064
zmax	ok	2	0.000051
zmax	ok	4	0.000066
zmax	ok	2	0.000054
zmax	ok	2	0.000044
zmax	ok	1	0.000041
zmax	ok	1	0.000039
zmax	ok	1	0.000044
zmax	ok	1	0.000042
zmax	ok	2	0.000051
zmax	ok	4	0.000064
zmax	ok	4	0.000065
zmax	ok	4	0.000067
zmax	ok	4	0.000062
zmax	ok	4	0.000064
zmax	ok	2	0.000052
zmax	ok	4	0.000060
zmax	ok	4	0.000061
zmax	ok	4	0.000066
zmax	ok	1	0.000046
zmax	ok	1	0.000041
zmax	ok	1	0.000043
zmax	ok	1	0.000041
zmax	ok	4	0.000066
zmax	ok	4	0.000063
zmax	ok	2	0.000043
zmax	ok	43	0.000360
zmax	ok	4	0.000057
zmax	ok	2	0.000052
zmax	ok	4	0.000056
zmax	ok	1	0.000038
zmax	ok	1	0.000038
zmax	ok	4	0.000050
zmax	ok	37	0.000300
zmax	ok	2	0.000048
zmax	ok	4	0.000056
zmax	ok	4	0.000058
zmax	ok	4	0.000056
zmax	ok	4	0.000053
zmax	ok	40	0.000321
zmax	ok	1	0.000038
zmax	ok	2	0.000054
zmax	ok	1	0.000039
zmax	ok	2	0.000044
zmax	ok	4	0.000061
zmax	ok	2	0.000044
zmax	ok	4	0.000053
zmax	ok	4	0.000057
zmax	ok	1	0.000036
zmax	ok	1	0.000037
zmax	ok	4	0.000056
zmax	ok	120	0.000819
zmax	ok	4	0.000058
zmax	ok	4	0.000057
zmax	ok	2	0.000045
zmax	ok	2	0.000043
zmax	ok	4	0.000057
zmax	ok	1	0.000033
zmax	ok	45	0.000345
zmax	ok	1	0.000043
zmax	ok	2	0.000045
zmax	ok	15	0.000114
zmax	ok	2	0.000048
zmax	ok	36	0.000289
zmax	ok	1	0.000040
zmax	exhausted	63	0.000355
zmax	ok	43	0.000341
plain	ok	25	0.000217
zmax	ok	4	0.000065
zmax	exhausted	59	0.000332
zmax	ok	24	0.000157
zmax	ok	2	0.000053
zmax	exhausted	63	0.000348
plain	ok	18	0.000170
zmax	ok	4	0.000063
zmax	ok	25	0.000170
zmax	ok	4	0.000060
zmax	ok	6	0.000068
zmax	ok	4	0.000057
zmax	ok	6	0.000070
zmax	ok	1	0.000039
zmax	ok	29	0.000222
zmax	ok	2	0.000044
zmax	ok	90	0.000617
zmax	ok	4	0.000055
zmax	ok	41	0.000296
zmax	ok	4	0.000055
zmax	ok	77	0.000527
zmax	ok	2	0.000050
zmax	ok	26	0.000206
zmax	ok	4	0.000060
zmax	ok	22	0.000177
zmax	ok	1	0.000050
zmax	ok	29	0.000219
zmax	ok	1	0.000041
zmax	ok	2	0.000048
zmax	ok	2	0.000046
zmax	ok	2	0.000040
zmax	ok	4	0.000056
zmax	ok	4	0.000055
zmax	ok	1	0.000036
zmax	ok	1	0.000037
zmax	ok	4	0.000054
zmax	ok	2	0.000043
zmax	ok	2	0.000040
zmax	ok	1	0.000032
zmax	ok	3	0.000048
zmax	ok	8	0.000066
zmax	ok	2	0.000039
zmax	ok	1	0.000036
zmax	ok	1	0.000032
zmax	ok	1	0.000033
zmax	exhausted	1	0.000027
plain	exhausted	1	0.000030
zmax	ok	4	0.000057
zmax	ok	1	0.000037
zmax	ok	4	0.000064
zmax	ok	2	0.000047
zmax	ok	2	0.000042
zmax	ok	2	0.000046
zmax	ok	4	0.000060
zmax	ok	1	0.000036
zmax	ok	1	0.000036
zmax	ok	2	0.000042
zmax	ok	4	0.000057
zmax	ok	4	0.000056
zmax	ok	2	0.000043
zmax	ok	2	0.000045
zmax	ok	1	0.000036
zmax	ok	1	0.000036
zmax	ok	4	0.000061
zmax	ok	4	0.000060
zmax	ok	2	0.000047
zmax	ok	2	0.000041
zmax	ok	2	0.000048
zmax	ok	1	0.000035
zmax	ok	1	0.000036
zmax	ok	4	0.000054
zmax	ok	4	0.000056
zmax	ok	2	0.000041
zmax	ok	2	0.000046
zmax	ok	4	0.000055
zmax	ok	1	0.000035
zmax	ok	1	0.000041
zmax	ok	2	0.000044
zmax	ok	4	0.000053
zmax	ok	4	0.000054
zmax	ok	4	0.000053
zmax	ok	4	0.000057
zmax	ok	1	0.000035
zmax	ok	1	0.000037
zmax	ok	2	0.000043
zmax	ok	2	0.000041
zmax	ok	4	0.000052
zmax	ok	2	0.000041
zmax	ok	2	0.000043
zmax	ok	1	0.000035
zmax	ok	1	0.000035
zmax	ok	15	0.000110
zmax	ok	2	0.000042
zmax	ok	7	0.000074
zmax	ok	2	0.000042
zmax	exhausted	62	0.000332
plain	ok	25	0.000201
zmax	ok	2	0.000045
zmax	ok	7	0.000078
zmax	ok	2	0.000042
zmax	exhausted	62	0.000330
plain	ok	18	0.000154
zmax	ok	4	0.000055
zmax	ok	24	0.000150
zmax	ok	2	0.000043
zmax	ok	7	0.000072
zmax	ok	1	0.000038
zmax	ok	34	0.000254
zmax	ok	4	0.000055
zmax	ok	35	0.000257
zmax	ok	4	0.000054
zmax	ok	46	0.000330
zmax	ok	2	0.000047
zmax	ok	88	0.000585
zmax	ok	4	0.000054
zmax	ok	96	0.000645
zmax	ok	2	0.000044
zmax	ok	114	0.000748
zmax	ok	1	0.000049
zmax	ok	34	0.000251
zmax	ok	1	0.000034
zmax	ok	3	0.000044
zmax	ok	2	0.000036
zmax	ok	2	0.000036
zmax	ok	1	0.000032
zmax	ok	1	0.000038
zmax	ok	4	0.000052
zmax	ok	2	0.000040
zmax	ok	2	0.000037
zmax	ok	1	0.000036
zmax	exhausted	1	0.000035
plain	exhausted	1	0.000030
zmax	ok	4	0.000058
zmax	ok	1	0.000037
zmax	ok	4	0.000057
zmax	ok	4	0.000056
zmax	ok	2	0.000041
zmax	ok	2	0.000046
zmax	ok	4	0.000054
zmax	ok	1	0.000037
zmax	ok	1	0.000042
zmax	ok	4	0.000058
zmax	ok	2	0.000048
zmax	ok	3	0.000047
zmax	ok	2	0.000048
zmax	ok	2	0.000045
zmax	ok	1	0.000039
zmax	ok	1	0.000036
zmax	ok	4	0.000061
zmax	ok	2	0.000050
zmax	ok	2	0.000047
zmax	ok	4	0.000059
zmax	ok	4	0.000055
zmax	ok	1	0.000034
zmax	ok	1	0.000036
zmax	ok	2	0.000041
zmax	ok	2	0.000041
zmax	ok	2	0.000043
zmax	ok	4	0.000057
zmax	ok	2	0.000043
zmax	ok	1	0.000035
zmax	ok	1	0.000042
zmax	ok	4	0.000061
zmax	ok	2	0.000045
zmax	ok	2	0.000043
zmax	ok	4	0.000055
zmax	ok	4	0.000053
zmax	ok	1	0.000034
zmax	ok	1	0.000036
zmax	ok	2	0.000041
zmax	ok	4	0.000053
zmax	ok	2	0.000040
zmax	ok	2	0.000041
zmax	ok	4	0.000053
zmax	ok	1	0.000035
zmax	ok	1	0.000038
zmax	ok	15	0.000107
zmax	ok	2	0.000043
zmax	ok	7	0.000080
zmax	ok	4	0.000060
zmax	ok	25	0.000160
zmax	ok	4	0.000056
zmax	ok	6	0.000065
zmax	ok	2	0.000051
zmax	exhausted	62	0.000335
plain	ok	25	0.000200
zmax	ok	2	0.000042
zmax	ok	7	0.000076
zmax	ok	2	0.000043
zmax	ok	7	0.000078
zmax	ok	1	0.000042
zmax	ok	17	0.000141
zmax	ok	4	0.000054
zmax	ok	12	0.000106
zmax	ok	2	0.000041
zmax	ok	52	0.000356
zmax	ok	4	0.000053
zmax	ok	17	0.000139
zmax	ok	2	0.000042
zmax	ok	15	0.000126
zmax	ok	2	0.000043
zmax	ok	76	0.000503
zmax	ok	1	0.000042
zmax	ok	17	0.000138
zmax	exhausted	45	0.000236
plain	timeout	12894	0.100126
zmax	exhausted	59	0.000334
plain	timeout	15371	0.100080
zmax	exhausted	45	0.000161
plain	timeout	20603	0.100091
zmax	exhausted	59	0.000221
plain	timeout	21846	0.100355
zmax	exhausted	45	0.000171
plain	timeout	20598	0.100085
zmax	exhausted	59	0.000222
plain	timeout	21577	0.100082
zmax	exhausted	45	0.000166
plain	timeout	20612	0.100086
zmax	exhausted	59	0.000224
plain	timeout	21742	0.100083
zmax	ok	4	0.000050
zmax	ok	1	0.000032
zmax	ok	2	0.000033
zmax	ok	2	0.000032
zmax	ok	2	0.000033
zmax	ok	4	0.000040
zmax	ok	4	0.000040
zmax	ok	1	0.000026
zmax	ok	1	0.000028
zmax	ok	4	0.000039
zmax	ok	4	0.000056
zmax	ok	4	0.000053
zmax	ok	2	0.000033
zmax	ok	2	0.000030
zmax	ok	1	0.000026
zmax	ok	1	0.000028
zmax	ok	2	0.000031
zmax	ok	4	0.000037
zmax	ok	2	0.000029
zmax	ok	2	0.000031
zmax	ok	2	0.000031
zmax	ok	1	0.000025
zmax	ok	1	0.000027
zmax	ok	2	0.000029
zmax	ok	4	0.000037
zmax	ok	4	0.000035
zmax	ok	4	0.000036
zmax	ok	2	0.000029
zmax	ok	1	0.000026
zmax	ok	1	0.000027
zmax	ok	4	0.000040
zmax	ok	2	0.000032
zmax	ok	4	0.000037
zmax	ok	2	0.000031
zmax	ok	2	0.000031
zmax	ok	1	0.000026
zmax	ok	1	0.000027
zmax	ok	2	0.000030
zmax	ok	2	0.000030
zmax	ok	4	0.000039
zmax	ok	4	0.000037
zmax	ok	4	0.000035
zmax	ok	1	0.000025
zmax	ok	1	0.000026
zmax	ok	15	0.000071
zmax	ok	2	0.000031
zmax	exhausted	62	0.000207
plain	ok	18	0.000100
zmax	ok	4	0.000039
zmax	ok	24	0.000101
zmax	ok	2	0.000031
zmax	ok	7	0.000053
zmax	ok	4	0.000039
zmax	ok	25	0.000103
zmax	ok	4	0.000036
zmax	ok	34	0.000154
zmax	ok	2	0.000030
zmax	ok	7	0.000078
zmax	ok	1	0.000036
zmax	ok	21	0.000110
zmax	ok	2	0.000031
zmax	ok	25	0.000123
zmax	ok	4	0.000039
zmax	ok	15	0.000082
zmax	ok	4	0.000038
zmax	ok	58	0.000248
zmax	ok	4	0.000037
zmax	ok	31	0.000143
zmax	ok	2	0.000031
zmax	ok	53	0.000229
zmax	ok	1	0.000028
zmax	ok	21	0.000105
zmax	exhausted	45	0.000147
plain	timeout	21009	0.100078
zmax	ok	2	0.000041
zmax	ok	1	0.000033
zmax	ok	2	0.000034
zmax	ok	4	0.000038
zmax	ok	4	0.000036
zmax	ok	2	0.000036
zmax	ok	4	0.000041
zmax	ok	1	0.000027
zmax	ok	1	0.000032
zmax	ok	2	0.000032
zmax	ok	4	0.000041
zmax	ok	4	0.000039
zmax	ok	4	0.000041
zmax	ok	4	0.000039
zmax	ok	1	0.000026
zmax	ok	1	0.000033
zmax	exhausted	1	0.000022
plain	ok	90	0.000460
zmax	ok	4	0.000040
zmax	ok	118	0.000522
zmax	ok	4	0.000045
zmax	exhausted	1	0.000021
plain	ok	92	0.000461
zmax	ok	2	0.000033
zmax	exhausted	1	0.000021
plain	ok	105	0.000505
zmax	ok	2	0.000038
zmax	ok	101	0.000454
zmax	ok	2	0.000033
zmax	exhausted	1	0.000021
plain	ok	76	0.000378
zmax	ok	1	0.000035
zmax	exhausted	1	0.000021
plain	ok	90	0.000449
zmax	ok	1	0.000029
zmax	ok	35	0.000161
zmax	ok	3	0.000036
zmax	ok	18	0.000091
zmax	ok	2	0.000032
zmax	ok	19	0.000095
zmax	ok	2	0.000032
zmax	ok	46	0.000206
zmax	ok	2	0.000033
zmax	ok	38	0.000170
zmax	ok	4	0.000043
zmax	ok	19	0.000100
zmax	ok	1	0.000028
zmax	ok	35	0.000159
zmax	ok	1	0.000029
zmax	ok	4	0.000042
zmax	ok	2	0.000033
zmax	ok	2	0.000031
zmax	ok	2	0.000031
zmax	ok	4	0.000042
zmax	ok	1	0.000027
zmax	exhausted	122	0.000492
plain	timeout	21198	0.100063
zmax	exhausted	45	0.000161
plain	timeout	20525	0.100075
zmax	exhausted	122	0.000497
plain	timeout	21308	0.100069
zmax	exhausted	45	0.000160
plain	timeout	20857	0.100081
zmax	exhausted	122	0.000491
plain	timeout	21168	0.100065
zmax	exhausted	45	0.000185
plain	timeout	20556	0.100099
zmax	exhausted	122	0.000493
plain	timeout	21062	0.100070
zmax	ok	2	0.000045
zmax	ok	1	0.000034
zmax	ok	4	0.000045
zmax	ok	2	0.000034
zmax	ok	2	0.000034
zmax	ok	2	0.000032
zmax	ok	4	0.000042
zmax	ok	1	0.000028
zmax	ok	1	0.000028
zmax	ok	3	0.000036
zmax	ok	3	0.000035
zmax	ok	4	0.000043
zmax	ok	2	0.000031
zmax	ok	2	0.000031
zmax	ok	1	0.000026
zmax	ok	1	0.000029
zmax	ok	4	0.000041
zmax	ok	2	0.000033
zmax	ok	2	0.000031
zmax	ok	4	0.000039
zmax	ok	4	0.000039
zmax	ok	1	0.000027
zmax	ok	1	0.000028
zmax	ok	4	0.000039
zmax	ok	2	0.000031
zmax	ok	4	0.000039
zmax	ok	4	0.000037
zmax	ok	2	0.000031
zmax	ok	1	0.000028
zmax	ok	1	0.000029
zmax	ok	2	0.000033
zmax	ok	2	0.000032
zmax	ok	2	0.000033
zmax	ok	4	0.000044
zmax	ok	4	0.000052
zmax	ok	1	0.000030
zmax	ok	1	0.000027
zmax	ok	2	0.000031
zmax	ok	4	0.000038
zmax	ok	2	0.000048
zmax	ok	2	0.000041
zmax	ok	4	0.000038
zmax	ok	1	0.000026
zmax	ok	1	0.000026
zmax	ok	15	0.000072
zmax	ok	4	0.000039
zmax	ok	25	0.000104
zmax	ok	2	0.000030
zmax	ok	7	0.000050
zmax	ok	2	0.000030
zmax	exhausted	63	0.000221
plain	ok	25	0.000132
zmax	ok	4	0.000037
zmax	ok	6	0.000045
zmax	ok	2	0.000030
zmax	exhausted	63	0.000217
plain	ok	18	0.000100
zmax	ok	2	0.000030
zmax	ok	7	0.000049
zmax	ok	1	0.000027
zmax	ok	39	0.000184
zmax	ok	2	0.000030
zmax	ok	36	0.000169
zmax	ok	2	0.000031
zmax	ok	45	0.000203
zmax	ok	4	0.000037
zmax	ok	42	0.000189
zmax	ok	4	0.000038
zmax	ok	31	0.000149
zmax	ok	4	0.000037
zmax	ok	53	0.000229
zmax	ok	1	0.000026
zmax	ok	39	0.000237
zmax	ok	1	0.000026
zmax	ok	2	0.000029
zmax	ok	4	0.000034
zmax	ok	2	0.000026
zmax	ok	2	0.000028
zmax	ok	4	0.000034
zmax	ok	1	0.000025
zmax	ok	1	0.000024
zmax	ok	4	0.000033
zmax	ok	2	0.000026
zmax	ok	2	0.000026
zmax	ok	1	0.000023
zmax	exhausted	1	0.000023
plain	exhausted	1	0.000020
zmax	ok	1	0.000063
zmax	ok	1	0.000029
zmax	ok	2	0.000032
zmax	ok	2	0.000029
zmax	ok	4	0.000038
zmax	ok	4	0.000040
zmax	ok	4	0.000039
zmax	ok	1	0.000025
zmax	ok	1	0.000027
zmax	ok	4	0.000038
zmax	ok	4	0.000037
zmax	ok	2	0.000030
zmax	ok	4	0.000037
zmax	ok	4	0.000037
zmax	ok	1	0.000026
zmax	ok	1	0.000027
zmax	ok	4	0.000038
zmax	ok	4	0.000039
zmax	ok	4	0.000037
zmax	ok	2	0.000029
zmax	ok	2	0.000029
zmax	ok	1	0.000025
zmax	ok	1	0.000026
zmax	ok	4	0.000037
zmax	ok	2	0.000030
zmax	ok	2	0.000030
zmax	ok	2	0.000029
zmax	ok	2	0.000028
zmax	ok	1	0.000025
zmax	ok	1	0.000026
zmax	ok	2	0.000030
zmax	ok	4	0.000038
zmax	ok	2	0.000030
zmax	ok	2	0.000030
zmax	ok	2	0.000030
zmax	ok	1	0.000026
zmax	ok	1	0.000026
zmax	ok	2	0.000030
zmax	ok	4	0.000045
zmax	ok	4	0.000050
zmax	ok	4	0.000041
zmax	ok	4	0.000036
zmax	ok	1	0.000026
zmax	ok	1	0.000026
zmax	ok	15	0.000074
zmax	ok	4	0.000037
zmax	ok	6	0.000046
zmax	ok	2	0.000030
zmax	ok	7	0.000050
zmax	ok	4	0.000038
zmax	ok	25	0.000106
zmax	ok	4	0.000038
zmax	ok	24	0.000099
zmax	ok	4	0.000036
zmax	ok	34	0.000155
zmax	ok	4	0.000036
zmax	ok	6	0.000044
zmax	ok	1	0.000027
zmax	ok	29	0.000143
zmax	ok	2	0.000030
zmax	ok	26	0.000128
zmax	ok	4	0.000037
zmax	ok	30	0.000144
zmax	ok	4	0.000038
zmax	ok	78	0.000339
zmax	ok	4	0.000039
zmax	ok	22	0.000114
zmax	ok	2	0.000031
zmax	ok	70	0.000307
zmax	ok	1	0.000027
zmax	ok	29	0.000140
zmax	ok	1	0.000027
zmax	ok	2	0.000029
zmax	ok	2	0.000042
zmax	ok	4	0.000051
zmax	ok	2	0.000031
zmax	ok	4	0.000036
zmax	ok	1	0.000025
zmax	ok	1	0.000023
zmax	ok	4	0.000032
zmax	ok	2	0.000026
zmax	ok	2	0.000027
zmax	ok	1	0.000023
zmax	ok	3	0.000033
zmax	ok	3	0.000030
zmax	ok	12	0.000056
zmax	ok	1	0.000026
zmax	ok	1	0.000023
zmax	exhausted	1	0.000020
plain	exhausted	1	0.000019
zmax	ok	4	0.000041
zmax	ok	1	0.000028
zmax	ok	2	0.000030
zmax	ok	4	0.000039
zmax	ok	4	0.000036
zmax	ok	2	0.000029
zmax	ok	4	0.000037
zmax	ok	1	0.000026
zmax	ok	1	0.000027
zmax	ok	2	0.000029
zmax	ok	2	0.000028
zmax	ok	4	0.000036
zmax	ok	4	0.000037
zmax	ok	2	0.000030
zmax	ok	1	0.000025
zmax	ok	1	0.000026
zmax	ok	2	0.000030
zmax	ok	2	0.000029
zmax	ok	4	0.000035
zmax	ok	4	0.000036
zmax	ok	4	0.000035
zmax	ok	1	0.000026
zmax	ok	1	0.000028
zmax	ok	2	0.000030
zmax	ok	4	0.000038
zmax	ok	2	0.000030
zmax	ok	4	0.000037
zmax	ok	2	0.000031
zmax	ok	1	0.000026
zmax	ok	1	0.000026
zmax	ok	4	0.000037
zmax	ok	4	0.000038
zmax	ok	2	0.000030
zmax	ok	2	0.000029
zmax	ok	4	0.000038
zmax	ok	1	0.000026
zmax	ok	1	0.000026
zmax	ok	15	0.000073
zmax	ok	4	0.000057
zmax	ok	6	0.000063
zmax	ok	2	0.000031
zmax	exhausted	62	0.000215
plain	ok	25	0.000140
zmax	ok	4	0.000039
zmax	ok	34	0.000161
zmax	ok	4	0.000041
zmax	ok	43	0.000164
zmax	ok	4	0.000040
zmax	exhausted	61	0.000210
plain	ok	28	0.000152
zmax	ok	4	0.000039
zmax	ok	6	0.000049
zmax	ok	1	0.000030
zmax	ok	22	0.000118
zmax	ok	4	0.000040
zmax	ok	16	0.000091
zmax	ok	4	0.000038
zmax	ok	21	0.000112
zmax	ok	2	0.000033
zmax	ok	28	0.000139
zmax	ok	4	0.000040
zmax	ok	74	0.000324
zmax	ok	2	0.000033
zmax	ok	19	0.000106
zmax	ok	1	0.000028
zmax	ok	22	0.000118
zmax	ok	1	0.000028
zmax	ok	2	0.000030
zmax	ok	4	0.000043
zmax	ok	2	0.000030
zmax	ok	4	0.000036
zmax	ok	2	0.000031
zmax	ok	1	0.000026
zmax	ok	1	0.000025
zmax	ok	4	0.000035
zmax	ok	2	0.000028
zmax	ok	2	0.000028
zmax	ok	1	0.000025
zmax	ok	3	0.000034
zmax	ok	3	0.000032
zmax	ok	3	0.000031
zmax	ok	1	0.000028
zmax	ok	1	0.000025
zmax	ok	1	0.000027
zmax	exhausted	1	0.000023
plain	exhausted	1	0.000022
zmax	ok	2	0.000034
zmax	ok	1	0.000028
zmax	ok	2	0.000031
zmax	ok	2	0.000031
zmax	ok	3	0.000035
zmax	ok	4	0.000039
zmax	ok	3	0.000036
zmax	ok	1	0.000029
zmax	ok	1	0.000029
zmax	ok	4	0.000040
zmax	ok	2	0.000032
zmax	ok	2	0.000034
zmax	ok	2	0.000033
zmax	ok	4	0.000040
zmax	ok	1	0.000028
zmax	ok	1	0.000028
zmax	ok	4	0.000039
zmax	ok	2	0.000031
zmax	ok	2	0.000031
zmax	ok	2	0.000032
zmax	ok	2	0.000034
zmax	ok	1	0.000028
zmax	ok	1	0.000029
zmax	ok	4	0.000044
zmax	ok	4	0.000040
zmax	ok	2	0.000032
zmax	ok	2	0.000032
zmax	ok	2	0.000032
zmax	ok	1	0.000027
zmax	ok	1	0.000027
zmax	ok	2	0.000032
zmax	ok	2	0.000032
zmax	ok	2	0.000031
zmax	ok	2	0.000035
zmax	ok	4	0.000047
zmax	ok	1	0.000029
zmax	ok	1	0.000028
zmax	ok	15	0.000077
zmax	ok	4	0.000041
zmax	ok	32	0.000127
zmax	ok	2	0.000033
zmax	exhausted	62	0.000218
plain	ok	25	0.000135
zmax	ok	4	0.000039
zmax	ok	6	0.000050
zmax	ok	2	0.000033
zmax	ok	7	0.000057
zmax	ok	2	0.000032
zmax	ok	7	0.000054
zmax	ok	4	0.000038
zmax	ok	6	0.000048
zmax	ok	1	0.000029
zmax	ok	22	0.000121
zmax	ok	4	0.000040
zmax	ok	21	0.000114
zmax	ok	4	0.000040
zmax	ok	16	0.000092
zmax	ok	4	0.000040
zmax	ok	74	0.000327
zmax	ok	2	0.000033
zmax	ok	87	0.000375
zmax	ok	4	0.000040
zmax	ok	32	0.000156
zmax	ok	1	0.000028
zmax	ok	22	0.000117
zmax	ok	1	0.000037
zmax	ok	4	0.000040
zmax	ok	4	0.000038
zmax	ok	2	0.000030
zmax	ok	3	0.000032
zmax	ok	2	0.000031
zmax	ok	1	0.000026
zmax	ok	1	0.000026
zmax	ok	4	0.000036
zmax	ok	2	0.000029
zmax	ok	2	0.000029
zmax	ok	1	0.000025
zmax	ok	3	0.000033
zmax	ok	5	0.000037
zmax	ok	5	0.000037
zmax	ok	1	0.000028
zmax	ok	1	0.000032
zmax	ok	1	0.000028
zmax	exhausted	1	0.000022
plain	exhausted	1	0.000023
zmax	ok	4	0.000043
zmax	ok	1	0.000030
zmax	ok	2	0.000032
zmax	ok	4	0.000041
zmax	ok	2	0.000031
zmax	ok	4	0.000040
zmax	ok	2	0.000030
zmax	ok	1	0.000030
zmax	ok	1	0.000029
zmax	ok	4	0.000040
zmax	ok	2	0.000032
zmax	ok	2	0.000031
zmax	ok	4	0.000040
zmax	ok	2	0.000032
zmax	ok	1	0.000029
zmax	ok	1	0.000028
zmax	ok	2	0.000032
zmax	ok	2	0.000032
zmax	ok	4	0.000039
zmax	ok	4	0.000041
zmax	ok	4	0.000041
zmax	ok	1	0.000029
zmax	ok	1	0.000029
zmax	ok	2	0.000036
zmax	ok	4	0.000042
zmax	ok	4	0.000040
zmax	ok	4	0.000041
zmax	ok	2	0.000032
zmax	ok	1	0.000027
zmax	ok	1	0.000027
zmax	ok	2	0.000031
zmax	ok	2	0.000034
zmax	ok	2	0.000035
zmax	ok	4	0.000041
zmax	ok	4	0.000038
zmax	ok	1	0.000027
zmax	ok	1	0.000028
zmax	ok	15	0.000079
zmax	ok	2	0.000032
zmax	ok	7	0.000058
zmax	ok	4	0.000041
zmax	exhausted	56	0.000197
plain	ok	37	0.000191
zmax	ok	2	0.000032
zmax	exhausted	51	0.000183
plain	ok	18	0.000105
zmax	ok	2	0.000032
zmax	exhausted	60	0.000210
plain	ok	25	0.000134
zmax	ok	4	0.000039
zmax	ok	6	0.000051
zmax	ok	2	0.000033
zmax	ok	7	0.000056
zmax	ok	1	0.000029
zmax	ok	56	0.000254
zmax	ok	4	0.000040
zmax	ok	52	0.000230
zmax	ok	4	0.000040
zmax	ok	76	0.000322
zmax	ok	2	0.000032
zmax	ok	67	0.000327
zmax	ok	4	0.000042
zmax	ok	59	0.000256
zmax	ok	2	0.000042
zmax	ok	63	0.000277
zmax	ok	1	0.000030
zmax	ok	56	0.000250
zmax	exhausted	120	0.000466
plain	timeout	21161	0.100071
zmax	exhausted	122	0.000495
plain	timeout	20879	0.100083
zmax	exhausted	120	0.000473
plain	timeout	21045	0.100067
zmax	exhausted	122	0.000490
plain	timeout	20997	0.100087
zmax	exhausted	120	0.000477
plain	timeout	21020	0.100078
zmax	ok	4	0.000051
zmax	ok	1	0.000032
zmax	ok	4	0.000041
zmax	ok	2	0.000033
zmax	ok	2	0.000031
zmax	ok	4	0.000037
zmax	ok	2	0.000031
zmax	ok	1	0.000027
zmax	ok	1	0.000027
zmax	ok	2	0.000032
zmax	ok	4	0.000040
zmax	ok	4	0.000039
zmax	ok	2	0.000030
zmax	ok	2	0.000032
zmax	ok	1	0.000027
zmax	ok	1	0.000028
zmax	ok	23	0.000109
zmax	ok	4	0.000040
zmax	ok	21	0.000131
zmax	ok	2	0.000030
zmax	ok	27	0.000146
zmax	ok	4	0.000040
zmax	ok	14	0.000073
zmax	ok	2	0.000031
zmax	exhausted	66	0.000243
plain	ok	84	0.000419
zmax	ok	4	0.000041
zmax	ok	33	0.000177
zmax	ok	4	0.000040
zmax	ok	21	0.000118
zmax	ok	1	0.000028
zmax	ok	12	0.000074
zmax	ok	2	0.000031
zmax	ok	37	0.000169
zmax	ok	4	0.000038
zmax	ok	22	0.000109
zmax	ok	2	0.000031
zmax	ok	19	0.000093
zmax	ok	4	0.000040
zmax	ok	18	0.000094
zmax	ok	4	0.000038
zmax	ok	25	0.000127
zmax	ok	1	0.000027
zmax	ok	12	0.000073
zmax	ok	1	0.000028
zmax	ok	2	0.000030
zmax	ok	2	0.000029
zmax	ok	4	0.000040
zmax	ok	2	0.000031
zmax	ok	4	0.000039
zmax	ok	1	0.000025
zmax	ok	1	0.000026
zmax	ok	2	0.000029
zmax	ok	4	0.000039
zmax	ok	2	0.000029
zmax	ok	4	0.000036
zmax	ok	2	0.000029
zmax	ok	1	0.000026
zmax	ok	4	0.000039
zmax	ok	1	0.000028
zmax	ok	4	0.000049
zmax	ok	4	0.000040
zmax	ok	2	0.000030
zmax	ok	4	0.000038
zmax	ok	2	0.000029
zmax	ok	1	0.000027
zmax	ok	1	0.000026
zmax	ok	2	0.000031
zmax	ok	2	0.000030
zmax	ok	4	0.000038
zmax	ok	4	0.000039
zmax	ok	2	0.000031
zmax	ok	1	0.000026
zmax	ok	1	0.000028
zmax	exhausted	1	0.000021
plain	ok	85	0.000440
zmax	ok	2	0.000034
zmax	ok	69	0.000321
zmax	ok	4	0.000039
zmax	ok	87	0.000392
zmax	ok	2	0.000032
zmax	ok	100	0.000446
zmax	ok	4	0.000039
zmax	exhausted	1	0.000022
plain	ok	79	0.000397
zmax	ok	4	0.000050
zmax	exhausted	1	0.000022
plain	ok	59	0.000304
zmax	ok	1	0.000028
zmax	exhausted	1	0.000021
plain	ok	85	0.000437
zmax	exhausted	131	0.000536
plain	timeout	20921	0.100091
zmax	exhausted	120	0.000475
plain	timeout	21004	0.100077
zmax	exhausted	131	0.000543
plain	timeout	21035	0.100078
zmax	ok	2	0.000043
zmax	ok	1	0.000033
zmax	ok	4	0.000043
zmax	ok	2	0.000032
zmax	ok	4	0.000040
zmax	ok	2	0.000032
zmax	ok	2	0.000032
zmax	ok	1	0.000029
zmax	ok	1	0.000029
zmax	ok	4	0.000039
zmax	ok	2	0.000031
zmax	ok	4	0.000038
zmax	ok	3	0.000045
zmax	ok	2	0.000031
zmax	ok	1	0.000027
zmax	ok	1	0.000028
zmax	ok	2	0.000031
zmax	ok	4	0.000039
zmax	ok	2	0.000033
zmax	ok	2	0.000030
zmax	ok	2	0.000031
zmax	ok	1	0.000028
zmax	ok	1	0.000029
zmax	ok	4	0.000042
zmax	ok	4	0.000040
zmax	ok	2	0.000031
zmax	ok	4	0.000039
zmax	ok	2	0.000032
zmax	ok	1	0.000028
zmax	ok	1	0.000034
zmax	ok	4	0.000056
zmax	ok	2	0.000036
zmax	ok	4	0.000039
zmax	ok	2	0.000032
zmax	ok	2	0.000033
zmax	ok	1	0.000030
zmax	ok	1	0.000028
zmax	ok	13	0.000071
zmax	ok	4	0.000040
zmax	ok	25	0.000110
zmax	ok	4	0.000039
zmax	ok	6	0.000050
zmax	ok	2	0.000033
zmax	exhausted	61	0.000215
plain	ok	22	0.000124
zmax	ok	2	0.000033
zmax	ok	7	0.000054
zmax	ok	4	0.000039
zmax	ok	32	0.000129
zmax	ok	4	0.000039
zmax	ok	6	0.000049
zmax	ok	1	0.000029
zmax	ok	17	0.000099
zmax	ok	2	0.000034
zmax	ok	15	0.000089
zmax	ok	4	0.000040
zmax	ok	12	0.000075
zmax	ok	2	0.000032
zmax	ok	21	0.000115
zmax	ok	4	0.000039
zmax	ok	25	0.000129
zmax	ok	4	0.000040
zmax	ok	17	0.000097
zmax	ok	1	0.000029
zmax	ok	17	0.000098
zmax	ok	1	0.000028
zmax	ok	2	0.000030
zmax	ok	2	0.000031
zmax	ok	4	0.000038
zmax	ok	2	0.000031
zmax	ok	4	0.000037
zmax	ok	1	0.000026
zmax	ok	1	0.000027
zmax	ok	2	0.000031
zmax	ok	2	0.000030
zmax	ok	4	0.000037
zmax	ok	4	0.000036
zmax	ok	2	0.000029
zmax	ok	1	0.000027
zmax	ok	3	0.000034
zmax	ok	4	0.000034
zmax	ok	3	0.000032
zmax	ok	1	0.000026
zmax	ok	1	0.000027
zmax	ok	1	0.000025
zmax	exhausted	1	0.000025
plain	exhausted	1	0.000022
zmax	ok	4	0.000042
zmax	ok	1	0.000029
zmax	ok	2	0.000033
zmax	ok	4	0.000039
zmax	ok	2	0.000032
zmax	ok	2	0.000031
zmax	ok	4	0.000041
zmax	ok	1	0.000029
zmax	ok	1	0.000029
zmax	ok	2	0.000032
zmax	ok	4	0.000041
zmax	ok	2	0.000033
zmax	ok	4	0.000043
zmax	ok	4	0.000043
zmax	ok	1	0.000027
zmax	ok	1	0.000029
zmax	ok	2	0.000032
zmax	ok	4	0.000038
zmax	ok	4	0.000039
zmax	ok	2	0.000031
zmax	ok	2	0.000032
zmax	ok	1	0.000029
zmax	ok	1	0.000029
zmax	ok	2	0.000032
zmax	ok	4	0.000040
zmax	ok	4	0.000040
zmax	ok	2	0.000032
zmax	ok	2	0.000032
zmax	ok	1	0.000027
zmax	ok	1	0.000028
zmax	ok	2	0.000033
zmax	ok	4	0.000040
zmax	ok	4	0.000047
zmax	ok	4	0.000040
zmax	ok	4	0.000039
zmax	ok	1	0.000028
zmax	ok	1	0.000027
zmax	ok	15	0.000080
zmax	ok	2	0.000032
zmax	exhausted	53	0.000190
plain	ok	18	0.000106
zmax	ok	2	0.000034
zmax	ok	7	0.000057
zmax	ok	4	0.000040
zmax	exhausted	58	0.000207
plain	ok	37	0.000188
zmax	ok	4	0.000039
zmax	ok	6	0.000050
zmax	ok	2	0.000032
zmax	exhausted	60	0.000207
plain	ok	25	0.000133
zmax	ok	2	0.000033
zmax	ok	7	0.000056
zmax	ok	1	0.000028
zmax	ok	54	0.000244
zmax	ok	4	0.000039
zmax	ok	57	0.000251
zmax	ok	4	0.000039
zmax	ok	74	0.000317
zmax	ok	2	0.000033
zmax	ok	65	0.000309
zmax	ok	2	0.000033
zmax	ok	61	0.000276
zmax	ok	2	0.000035
zmax	ok	48	0.000221
zmax	ok	1	0.000030
zmax	ok	54	0.000242
zmax	exhausted	120	0.000464
plain	timeout	21000	0.100065
zmax	exhausted	131	0.000536
plain	timeout	20822	0.100089
zmax	exhausted	120	0.000479
plain	timeout	21252	0.100062
zmax	exhausted	131	0.000547
plain	timeout	20822	0.100085
zmax	ok	2	0.000044
zmax	ok	1	0.000034
zmax	ok	2	0.000036
zmax	ok	4	0.000042
zmax	ok	2	0.000039
zmax	ok	4	0.000041
zmax	ok	4	0.000042
zmax	ok	1	0.000034
zmax	ok	1	0.000031
zmax	ok	4	0.000043
zmax	ok	4	0.000043
zmax	ok	2	0.000034
zmax	ok	2	0.000033
zmax	ok	2	0.000032
zmax	ok	1	0.000028
zmax	ok	1	0.000029
zmax	ok	4	0.000040
zmax	ok	2	0.000031
zmax	ok	4	0.000038
zmax	ok	2	0.000031
zmax	ok	4	0.000038
zmax	ok	1	0.000028
zmax	ok	1	0.000030
zmax	ok	2	0.000033
zmax	ok	4	0.000040
zmax	ok	4	0.000044
zmax	ok	2	0.000033
zmax	ok	4	0.000040
zmax	ok	1	0.000028
zmax	ok	1	0.000030
zmax	ok	4	0.000040
zmax	ok	2	0.000033
zmax	ok	4	0.000041
zmax	ok	2	0.000031
zmax	ok	2	0.000031
zmax	ok	1	0.000028
zmax	ok	1	0.000028
zmax	ok	15	0.000078
zmax	ok	2	0.000033
zmax	ok	7	0.000057
zmax	ok	2	0.000032
zmax	exhausted	62	0.000219
plain	ok	25	0.000136
zmax	ok	4	0.000040
zmax	ok	32	0.000130
zmax	ok	2	0.000032
zmax	exhausted	62	0.000218
plain	ok	18	0.000107
zmax	ok	4	0.000049
zmax	exhausted	61	0.000223
plain	ok	28	0.000153
zmax	ok	2	0.000034
zmax	ok	7	0.000057
zmax	ok	1	0.000030
zmax	ok	20	0.000108
zmax	ok	4	0.000040
zmax	ok	58	0.000258
zmax	ok	4	0.000039
zmax	ok	30	0.000145
zmax	ok	4	0.000041
zmax	ok	14	0.000083
zmax	ok	4	0.000040
zmax	ok	22	0.000114
zmax	ok	2	0.000033
zmax	ok	53	0.000236
zmax	ok	1	0.000029
zmax	ok	20	0.000106
zmax	exhausted	45	0.000152
plain	timeout	21390	0.100057
zmax	exhausted	131	0.000528
plain	timeout	21020	0.100082
zmax	exhausted	45	0.000180
plain	timeout	21175	0.100073
zmax	exhausted	131	0.000542
plain	timeout	21130	0.100082
zmax	exhausted	45	0.000175
plain	timeout	21200	0.100068
zmax	ok	4	0.000049
zmax	ok	1	0.000032
zmax	ok	4	0.000042
zmax	ok	4	0.000038
zmax	ok	4	0.000037
zmax	ok	2	0.000030
zmax	ok	2	0.000029
zmax	ok	1	0.000027
zmax	ok	1	0.000028
zmax	ok	2	0.000031
zmax	ok	4	0.000039
zmax	ok	4	0.000039
zmax	ok	4	0.000039
zmax	ok	4	0.000050
zmax	ok	1	0.000025
zmax	ok	1	0.000028
zmax	ok	43	0.000214
zmax	ok	2	0.000032
zmax	ok	38	0.000190
zmax	ok	2	0.000031
zmax	ok	116	0.000494
zmax	ok	4	0.000039
zmax	ok	42	0.000203
zmax	ok	2	0.000030
zmax	ok	49	0.000232
zmax	ok	2	0.000031
zmax	ok	36	0.000176
zmax	ok	1	0.000026
zmax	ok	43	0.000204
zmax	ok	1	0.000032
zmax	exhausted	39	0.000142
plain	ok	9	0.000068
zmax	ok	3	0.000033
zmax	exhausted	39	0.000142
plain	ok	19	0.000102
zmax	ok	2	0.000030
zmax	exhausted	39	0.000144
plain	ok	21	0.000110
zmax	ok	2	0.000030
zmax	ok	41	0.000177
zmax	ok	2	0.000028
zmax	exhausted	39	0.000139
plain	ok	21	0.000118
zmax	ok	4	0.000036
zmax	ok	23	0.000117
zmax	ok	1	0.000039
zmax	exhausted	39	0.000188
plain	ok	9	0.000067
zmax	ok	1	0.000029
zmax	ok	2	0.000032
zmax	ok	4	0.000041
zmax	ok	2	0.000031
zmax	ok	4	0.000042
zmax	ok	2	0.000032
zmax	ok	1	0.000027
zmax	exhausted	124	0.000491
plain	timeout	21291	0.100082
zmax	ok	2	0.000044
zmax	ok	1	0.000034
zmax	ok	4	0.000042
zmax	ok	4	0.000042
zmax	ok	2	0.000032
zmax	ok	4	0.000041
zmax	ok	2	0.000033
zmax	ok	1	0.000030
zmax	ok	1	0.000030
zmax	ok	4	0.000040
zmax	ok	4	0.000040
zmax	ok	2	0.000033
zmax	ok	4	0.000041
zmax	ok	2	0.000032
zmax	ok	1	0.000032
zmax	ok	1	0.000029
zmax	ok	4	0.000040
zmax	ok	2	0.000031
zmax	ok	2	0.000031
zmax	ok	4	0.000039
zmax	ok	4	0.000038
zmax	ok	1	0.000027
zmax	ok	1	0.000030
zmax	ok	2	0.000033
zmax	ok	4	0.000041
zmax	ok	2	0.000033
zmax	ok	4	0.000040
zmax	ok	2	0.000031
zmax	ok	1	0.000029
zmax	ok	1	0.000029
zmax	ok	2	0.000032
zmax	ok	4	0.000041
zmax	ok	2	0.000041
zmax	ok	4	0.000039
zmax	ok	4	0.000038
zmax	ok	1	0.000028
zmax	ok	1	0.000029
zmax	ok	15	0.000084
zmax	ok	2	0.000034
zmax	ok	7	0.000056
zmax	ok	4	0.000039
zmax	ok	6	0.000049
zmax	ok	4	0.000040
zmax	ok	32	0.000129
zmax	ok	4	0.000040
zmax	exhausted	62	0.000215
plain	ok	28	0.000153
zmax	ok	2	0.000033
zmax	exhausted	63	0.000231
plain	ok	18	0.000107
zmax	ok	2	0.000032
zmax	ok	7	0.000055
zmax	ok	1	0.000029
zmax	ok	39	0.000188
zmax	ok	2	0.000033
zmax	ok	115	0.000477
zmax	ok	2	0.000033
zmax	ok	36	0.000172
zmax	ok	4	0.000041
zmax	ok	98	0.000407
zmax	ok	2	0.000033
zmax	ok	90	0.000445
zmax	ok	2	0.000041
zmax	ok	45	0.000210
zmax	ok	1	0.000030
zmax	ok	39	0.000185
zmax	ok	1	0.000027
zmax	ok	4	0.000037
zmax	ok	3	0.000033
zmax	ok	2	0.000029
zmax	ok	2	0.000028
zmax	ok	1	0.000026
zmax	ok	1	0.000025
zmax	ok	4	0.000034
zmax	ok	2	0.000028
zmax	ok	2	0.000033
zmax	ok	1	0.000026
zmax	exhausted	1	0.000024
plain	exhausted	1	0.000023
zmax	ok	2	0.000034
zmax	ok	1	0.000029
zmax	ok	3	0.000035
zmax	ok	2	0.000031
zmax	ok	2	0.000030
zmax	ok	4	0.000039
zmax	ok	3	0.000035
zmax	ok	1	0.000027
zmax	ok	1	0.000029
zmax	ok	2	0.000032
zmax	ok	4	0.000041
zmax	ok	4	0.000038
zmax	ok	2	0.000031
zmax	ok	2	0.000032
zmax	ok	1	0.000029
zmax	ok	1	0.000028
zmax	ok	2	0.000032
zmax	ok	2	0.000031
zmax	ok	4	0.000037
zmax	ok	4	0.000040
zmax	ok	4	0.000038
zmax	ok	1	0.000028
zmax	ok	1	0.000028
zmax	ok	4	0.000041
zmax	ok	4	0.000039
zmax	ok	2	0.000032
zmax	ok	2	0.000048
zmax	ok	4	0.000042
zmax	ok	1	0.000028
zmax	ok	1	0.000028
zmax	ok	2	0.000032
zmax	ok	4	0.000039
zmax	ok	4	0.000040
zmax	ok	2	0.000031
zmax	ok	4	0.000038
zmax	ok	1	0.000027
zmax	ok	1	0.000028
zmax	ok	15	0.000075
zmax	ok	4	0.000041
zmax	ok	24	0.000102
zmax	ok	4	0.000041
zmax	ok	23	0.000098
zmax	ok	2	0.000032
zmax	exhausted	62	0.000216
plain	ok	18	0.000105
zmax	ok	4	0.000040
zmax	ok	6	0.000049
zmax	ok	2	0.000045
zmax	exhausted	62	0.000214
plain	ok	25	0.000133
zmax	ok	4	0.000039
zmax	ok	6	0.000050
zmax	ok	1	0.000029
zmax	ok	24	0.000124
zmax	ok	4	0.000039
zmax	ok	34	0.000160
zmax	ok	4	0.000039
zmax	ok	23	0.000118
zmax	ok	4	0.000040
zmax	ok	18	0.000096
zmax	ok	2	0.000032
zmax	ok	87	0.000446
zmax	ok	2	0.000033
zmax	ok	66	0.000294
zmax	ok	1	0.000029
zmax	ok	24	0.000124
zmax	ok	1	0.000029
zmax	ok	2	0.000032
zmax	ok	2	0.000031
zmax	ok	4	0.000037
zmax	ok	2	0.000030
zmax	ok	4	0.000037
zmax	ok	1	0.000027
zmax	ok	1	0.000024
zmax	ok	3	0.000031
zmax	ok	2	0.000027
zmax	ok	1	0.000024
zmax	ok	3	0.000033
zmax	ok	7	0.000044
zmax	ok	12	0.000057
zmax	ok	1	0.000027
zmax	ok	1	0.000026
zmax	ok	5	0.000037
zmax	exhausted	1	0.000021
plain	exhausted	1	0.000023
zmax	ok	2	0.000034
zmax	ok	1	0.000029
zmax	ok	2	0.000032
zmax	ok	4	0.000040
zmax	ok	2	0.000031
zmax	ok	4	0.000040
zmax	ok	2	0.000031
zmax	ok	1	0.000028
zmax	ok	1	0.000027
zmax	ok	2	0.000032
zmax	ok	2	0.000033
zmax	ok	3	0.000035
zmax	ok	3	0.000034
zmax	ok	4	0.000039
zmax	ok	1	0.000028
zmax	ok	1	0.000028
zmax	ok	4	0.000038
zmax	ok	2	0.000031
zmax	ok	4	0.000039
zmax	ok	2	0.000032
zmax	ok	2	0.000031
zmax	ok	1	0.000028
zmax	ok	1	0.000029
zmax	ok	2	0.000032
zmax	ok	4	0.000038
zmax	ok	2	0.000032
zmax	ok	2	0.000032
zmax	ok	4	0.000039
zmax	ok	1	0.000028
zmax	ok	1	0.000027
zmax	ok	2	0.000032
zmax	ok	2	0.000031
zmax	ok	2	0.000032
zmax	ok	4	0.000039
zmax	ok	4	0.000038
zmax	ok	1	0.000027
zmax	ok	1	0.000028
zmax	ok	13	0.000070
zmax	ok	4	0.000039
zmax	ok	30	0.000144
zmax	ok	2	0.000032
zmax	exhausted	61	0.000211
plain	ok	22	0.000123
zmax	ok	4	0.000039
zmax	ok	6	0.000050
zmax	ok	2	0.000032
zmax	ok	7	0.000053
zmax	ok	4	0.000039
zmax	ok	25	0.000107
zmax	ok	4	0.000038
zmax	ok	6	0.000050
zmax	ok	1	0.000029
zmax	ok	21	0.000111
zmax	ok	2	0.000032
zmax	ok	19	0.000101
zmax	ok	4	0.000040
zmax	ok	15	0.000086
zmax	ok	4	0.000039
zmax	ok	77	0.000344
zmax	ok	2	0.000035
zmax	ok	25	0.000129
zmax	ok	4	0.000041
zmax	ok	31	0.000149
zmax	ok	1	0.000029
zmax	ok	21	0.000109
zmax	ok	1	0.000028
zmax	ok	4	0.000037
zmax	ok	4	0.000035
zmax	ok	2	0.000030
zmax	ok	2	0.000029
zmax	ok	2	0.000028
zmax	ok	1	0.000026
zmax	ok	1	0.000027
zmax	ok	2	0.000029
zmax	ok	2	0.000030
zmax	ok	4	0.000037
zmax	ok	2	0.000029
zmax	ok	4	0.000035
zmax	ok	1	0.000026
zmax	ok	3	0.000033
zmax	ok	4	0.000034
zmax	ok	3	0.000032
zmax	ok	1	0.000026
zmax	ok	1	0.000026
zmax	ok	1	0.000026
zmax	exhausted	1	0.000024
plain	exhausted	1	0.000022
zmax	ok	2	0.000033
zmax	ok	1	0.000027
zmax	ok	2	0.000030
zmax	ok	3	0.000033
zmax	ok	4	0.000037
zmax	ok	2	0.000030
zmax	ok	19	0.000092
zmax	ok	1	0.000025
zmax	ok	1	0.000028
zmax	ok	4	0.000041
zmax	ok	2	0.000032
zmax	ok	2	0.000033
zmax	ok	4	0.000040
zmax	ok	2	0.000031
zmax	ok	1	0.000029
zmax	ok	1	0.000028
zmax	ok	2	0.000033
zmax	ok	2	0.000031
zmax	ok	2	0.000031
zmax	ok	4	0.000054
zmax	ok	4	0.000041
zmax	ok	1	0.000028
zmax	ok	1	0.000029
zmax	ok	4	0.000040
zmax	ok	2	0.000033
zmax	ok	2	0.000031
zmax	ok	2	0.000032
zmax	ok	4	0.000039
zmax	ok	1	0.000028
zmax	ok	1	0.000028
zmax	ok	4	0.000041
zmax	ok	2	0.000032
zmax	ok	2	0.000032
zmax	ok	4	0.000041
zmax	ok	2	0.000031
zmax	ok	1	0.000028
zmax	ok	1	0.000028
zmax	ok	15	0.000077
plain	timeout	21223	0.100043
zmax	ok	2	0.000033
zmax	ok	7	0.000053
zmax	ok	4	0.000038
zmax	ok	6	0.000049
zmax	ok	4	0.000041
zmax	ok	24	0.000106
zmax	ok	2	0.000032
zmax	exhausted	61	0.000213
zmax	exhausted	124	0.000487
plain	ok	18	0.000111
zmax	ok	2	0.000033
zmax	exhausted	61	0.000212
plain	ok	25	0.000133
zmax	ok	2	0.000032
zmax	ok	7	0.000055
zmax	ok	1	0.000029
zmax	ok	35	0.000172
zmax	ok	4	0.000039
zmax	ok	49	0.000224
zmax	ok	2	0.000033
zmax	ok	113	0.000552
zmax	ok	4	0.000041
zmax	ok	38	0.000183
zmax	ok	4	0.000041
zmax	ok	95	0.000405
zmax	ok	2	0.000033
zmax	ok	87	0.000372
zmax	ok	1	0.000029
zmax	ok	35	0.000171
zmax	ok	1	0.000027
zmax	ok	4	0.000036
zmax	ok	2	0.000029
zmax	ok	2	0.000029
zmax	ok	4	0.000036
zmax	ok	2	0.000030
zmax	ok	1	0.000026
zmax	ok	1	0.000026
zmax	ok	4	0.000035
zmax	ok	2	0.000027
zmax	ok	2	0.000028
zmax	ok	1	0.000025
zmax	exhausted	1	0.000024
plain	exhausted	1	0.000023
zmax	ok	4	0.000043
zmax	ok	1	0.000030
zmax	ok	2	0.000034
zmax	ok	4	0.000040
zmax	ok	2	0.000031
zmax	ok	2	0.000032
zmax	ok	4	0.000040
zmax	ok	1	0.000029
zmax	ok	1	0.000039
zmax	ok	3	0.000046
zmax	ok	2	0.000038
zmax	ok	4	0.000041
zmax	ok	2	0.000031
zmax	ok	4	0.000039
zmax	ok	1	0.000026
zmax	ok	1	0.000028
zmax	ok	2	0.000031
zmax	ok	4	0.000039
zmax	ok	2	0.000031
zmax	ok	4	0.000040
zmax	ok	4	0.000038
zmax	ok	1	0.000028
zmax	ok	1	0.000029
zmax	ok	2	0.000032
zmax	ok	4	0.000041
zmax	ok	2	0.000032
zmax	ok	4	0.000040
zmax	ok	4	0.000038
zmax	ok	1	0.000027
zmax	ok	1	0.000027
zmax	ok	4	0.000038
zmax	ok	2	0.000032
zmax	ok	2	0.000032
zmax	ok	4	0.000040
zmax	ok	2	0.000030
zmax	ok	1	0.000029
zmax	ok	1	0.000028
zmax	ok	12	0.000066
zmax	ok	2	0.000032
zmax	exhausted	60	0.000210
plain	ok	16	0.000097
zmax	ok	4	0.000040
zmax	ok	29	0.000116
zmax	ok	4	0.000039
zmax	ok	24	0.000103
zmax	ok	4	0.000038
zmax	ok	29	0.000139
zmax	ok	4	0.000039
zmax	ok	6	0.000051
zmax	ok	4	0.000038
zmax	ok	6	0.000049
zmax	ok	1	0.000029
zmax	ok	21	0.000156
zmax	ok	4	0.000041
zmax	ok	15	0.000086
zmax	ok	2	0.000033
zmax	ok	86	0.000369
zmax	ok	2	0.000033
zmax	ok	65	0.000289
zmax	ok	4	0.000039
zmax	ok	23	0.000117
zmax	ok	4	0.000040
zmax	ok	75	0.000326
zmax	ok	1	0.000029
zmax	ok	21	0.000108
zmax	ok	1	0.000027
zmax	ok	4	0.000036
zmax	ok	2	0.000028
zmax	ok	2	0.000029
zmax	ok	1	0.000025
zmax	ok	1	0.000027
zmax	ok	4	0.000037
zmax	ok	2	0.000029
zmax	ok	2	0.000028
zmax	ok	2	0.000030
zmax	ok	1	0.000026
zmax	ok	3	0.000033
zmax	ok	4	0.000034
zmax	ok	8	0.000045
zmax	ok	1	0.000027
zmax	ok	1	0.000026
zmax	exhausted	1	0.000022
plain	exhausted	1	0.000021
zmax	ok	4	0.000042
zmax	ok	1	0.000030
zmax	ok	2	0.000033
zmax	ok	4	0.000038
zmax	ok	4	0.000040
zmax	ok	4	0.000042
zmax	ok	2	0.000033
zmax	ok	1	0.000028
zmax	ok	1	0.000028
zmax	ok	4	0.000041
zmax	ok	4	0.000038
zmax	ok	4	0.000040
zmax	ok	2	0.000032
zmax	ok	4	0.000039
zmax	ok	1	0.000028
zmax	ok	1	0.000028
zmax	ok	4	0.000039
zmax	ok	4	0.000038
zmax	ok	2	0.000031
zmax	ok	2	0.000033
zmax	ok	4	0.000038
zmax	ok	1	0.000028
zmax	ok	1	0.000028
zmax	ok	4	0.000041
zmax	ok	2	0.000032
zmax	ok	4	0.000042
zmax	ok	2	0.000033
zmax	ok	2	0.000033
zmax	ok	1	0.000029
zmax	ok	1	0.000028
zmax	ok	4	0.000042
zmax	ok	4	0.000038
zmax	ok	2	0.000032
zmax	ok	2	0.000033
zmax	ok	4	0.000038
zmax	ok	1	0.000027
zmax	ok	1	0.000028
zmax	ok	15	0.000077
zmax	ok	2	0.000032
zmax	ok	7	0.000055
zmax	ok	2	0.000031
zmax	exhausted	61	0.000212
plain	ok	18	0.000106
zmax	ok	4	0.000038
zmax	ok	6	0.000050
zmax	ok	2	0.000032
zmax	ok	7	0.000056
zmax	ok	4	0.000039
zmax	ok	38	0.000146
zmax	ok	2	0.000031
zmax	ok	7	0.000054
zmax	ok	1	0.000031
zmax	ok	36	0.000171
zmax	ok	4	0.000040
zmax	ok	96	0.000398
zmax	ok	2	0.000034
zmax	ok	42	0.000196
zmax	ok	2	0.000033
zmax	ok	113	0.000459
zmax	ok	4	0.000040
zmax	ok	39	0.000180
zmax	ok	4	0.000040
zmax	ok	50	0.000232
zmax	ok	1	0.000029
zmax	ok	36	0.000169
zmax	ok	1	0.000028
zmax	ok	2	0.000031
zmax	ok	4	0.000037
zmax	ok	2	0.000030
zmax	ok	4	0.000036
zmax	ok	2	0.000029
zmax	ok	1	0.000026
zmax	ok	1	0.000025
zmax	ok	2	0.000026
zmax	ok	1	0.000025
zmax	exhausted	1	0.000024
plain	exhausted	1	0.000023
zmax	ok	4	0.000043
zmax	ok	1	0.000029
zmax	ok	2	0.000033
zmax	ok	4	0.000040
zmax	ok	2	0.000032
zmax	ok	2	0.000031
zmax	ok	4	0.000042
zmax	ok	1	0.000028
zmax	ok	1	0.000029
zmax	ok	4	0.000041
zmax	ok	2	0.000033
zmax	ok	4	0.000040
zmax	ok	4	0.000040
zmax	ok	4	0.000039
zmax	ok	1	0.000028
zmax	ok	1	0.000028
zmax	ok	4	0.000038
zmax	ok	2	0.000032
zmax	ok	2	0.000031
zmax	ok	4	0.000041
zmax	ok	4	0.000038
zmax	ok	1	0.000027
zmax	ok	1	0.000029
zmax	ok	4	0.000041
zmax	ok	4	0.000042
zmax	ok	4	0.000041
zmax	ok	2	0.000032
zmax	ok	4	0.000039
zmax	ok	1	0.000028
zmax	ok	1	0.000029
zmax	ok	2	0.000032
zmax	ok	4	0.000040
zmax	ok	2	0.000033
zmax	ok	2	0.000032
zmax	ok	4	0.000039
zmax	ok	1	0.000028
zmax	ok	1	0.000028
zmax	ok	15	0.000077
zmax	ok	4	0.000040
zmax	ok	38	0.000147
zmax	ok	2	0.000033
zmax	exhausted	62	0.000213
plain	ok	18	0.000104
zmax	ok	4	0.000042
zmax	ok	23	0.000101
zmax	ok	4	0.000038
zmax	ok	34	0.000160
zmax	ok	2	0.000033
zmax	exhausted	62	0.000276
plain	ok	25	0.000136
zmax	ok	1	0.000028
zmax	ok	15	0.000075
zmax	ok	1	0.000030
zmax	ok	82	0.000355
zmax	ok	2	0.000035
zmax	ok	73	0.000319
zmax	ok	4	0.000043
zmax	ok	84	0.000354
zmax	ok	2	0.000035
zmax	ok	72	0.000311
zmax	ok	4	0.000044
zmax	ok	65	0.000282
zmax	ok	2	0.000033
zmax	ok	95	0.000398
zmax	ok	1	0.000030
zmax	ok	82	0.000350
zmax	ok	1	0.000030
zmax	ok	2	0.000040
zmax	ok	2	0.000034
zmax	ok	2	0.000032
zmax	ok	4	0.000041
zmax	ok	4	0.000042
zmax	ok	1	0.000028
zmax	ok	1	0.000028
zmax	ok	4	0.000040
zmax	ok	3	0.000036
zmax	ok	2	0.000039
zmax	ok	4	0.000039
zmax	ok	2	0.000031
zmax	ok	1	0.000027
zmax	ok	4	0.000038
zmax	ok	2	0.000031
zmax	ok	2	0.000031
zmax	ok	2	0.000032
zmax	ok	2	0.000031
zmax	ok	2	0.000030
zmax	ok	5	0.000039
zmax	ok	8	0.000044
zmax	ok	19	0.000074
zmax	ok	15	0.000068
zmax	ok	2	0.000030
zmax	ok	2	0.000032
zmax	ok	2	0.000030
zmax	ok	2	0.000030
zmax	ok	2	0.000032
zmax	ok	2	0.000031
zmax	ok	2	0.000034
zmax	ok	1	0.000028
zmax	ok	3	0.000036
zmax	ok	2	0.000031
zmax	ok	4	0.000040
zmax	ok	3	0.000035
zmax	ok	2	0.000032
zmax	ok	1	0.000028
zmax	ok	1	0.000029
zmax	ok	2	0.000034
zmax	ok	4	0.000041
zmax	ok	2	0.000032
zmax	ok	4	0.000041
zmax	ok	2	0.000032
zmax	ok	1	0.000029
zmax	ok	1	0.000028
zmax	ok	2	0.000032
zmax	ok	4	0.000040
zmax	ok	2	0.000031
zmax	ok	2	0.000032
zmax	ok	2	0.000033
zmax	ok	1	0.000031
zmax	ok	1	0.000030
zmax	ok	4	0.000041
zmax	ok	2	0.000035
zmax	ok	2	0.000032
zmax	ok	2	0.000032
zmax	ok	2	0.000032
zmax	ok	1	0.000029
zmax	ok	1	0.000030
zmax	ok	2	0.000033
zmax	ok	2	0.000032
zmax	ok	4	0.000041
zmax	ok	4	0.000040
zmax	ok	2	0.000032
zmax	ok	1	0.000029
zmax	ok	1	0.000027
zmax	ok	15	0.000078
zmax	ok	4	0.000052
zmax	ok	40	0.000154
zmax	ok	4	0.000038
zmax	ok	6	0.000046
zmax	ok	2	0.000031
zmax	exhausted	63	0.000216
plain	ok	25	0.000131
zmax	ok	4	0.000037
zmax	ok	34	0.000154
zmax	ok	2	0.000031
zmax	ok	7	0.000050
zmax	ok	4	0.000036
zmax	ok	6	0.000042
zmax	ok	1	0.000028
zmax	ok	28	0.000148
zmax	ok	2	0.000031
zmax	ok	25	0.000126
zmax	ok	2	0.000031
zmax	ok	69	0.000302
zmax	ok	4	0.000051
zmax	ok	29	0.000174
zmax	ok	4	0.000039
zmax	ok	77	0.000327
zmax	ok	2	0.000031
zmax	ok	34	0.000158
zmax	ok	1	0.000029
zmax	ok	28	0.000134
zmax	ok	1	0.000027
zmax	ok	4	0.000036
zmax	ok	2	0.000029
zmax	ok	2	0.000028
zmax	ok	4	0.000035
zmax	ok	2	0.000028
zmax	ok	1	0.000027
zmax	ok	1	0.000024
zmax	ok	4	0.000032
zmax	ok	2	0.000026
zmax	ok	2	0.000026
zmax	ok	1	0.000024
zmax	ok	3	0.000032
zmax	ok	3	0.000030
zmax	ok	8	0.000042
zmax	ok	1	0.000024
zmax	ok	1	0.000022
zmax	ok	2	0.000024
zmax	exhausted	1	0.000021
plain	exhausted	1	0.000019
zmax	ok	4	0.000040
zmax	ok	1	0.000027
zmax	ok	2	0.000030
zmax	ok	4	0.000037
zmax	ok	4	0.000036
zmax	ok	2	0.000029
zmax	ok	2	0.000029
zmax	ok	1	0.000025
zmax	ok	1	0.000026
zmax	ok	4	0.000037
zmax	ok	4	0.000035
zmax	ok	2	0.000030
zmax	ok	3	0.000033
zmax	ok	2	0.000029
zmax	ok	1	0.000025
zmax	ok	1	0.000027
zmax	ok	2	0.000036
zmax	ok	4	0.000039
zmax	ok	4	0.000050
zmax	ok	4	0.000046
zmax	ok	4	0.000040
zmax	ok	1	0.000028
zmax	ok	1	0.000030
zmax	ok	2	0.000034
zmax	ok	4	0.000042
zmax	ok	2	0.000032
zmax	ok	2	0.000032
zmax	ok	4	0.000040
zmax	ok	1	0.000028
zmax	ok	1	0.000029
zmax	ok	4	0.000040
zmax	ok	2	0.000032
zmax	ok	4	0.000039
zmax	ok	2	0.000031
zmax	ok	2	0.000031
zmax	ok	1	0.000029
zmax	ok	1	0.000028
zmax	ok	13	0.000070
zmax	ok	2	0.000032
zmax	ok	7	0.000055
zmax	ok	2	0.000031
zmax	exhausted	63	0.000221
plain	ok	17	0.000103
zmax	ok	2	0.000032
zmax	ok	61	0.000270
zmax	ok	2	0.000033
zmax	exhausted	62	0.000217
plain	ok	22	0.000134
zmax	ok	4	0.000039
zmax	ok	30	0.000145
zmax	ok	2	0.000032
zmax	ok	7	0.000054
zmax	ok	1	0.000030
zmax	ok	31	0.000151
zmax	ok	2	0.000033
zmax	ok	112	0.000547
zmax	ok	4	0.000041
zmax	ok	35	0.000165
zmax	ok	4	0.000041
zmax	ok	97	0.000411
zmax	ok	2	0.000033
zmax	ok	29	0.000142
zmax	ok	4	0.000040
zmax	ok	24	0.000122
zmax	ok	1	0.000029
zmax	ok	31	0.000148
zmax	exhausted	43	0.000146
plain	timeout	21565	0.100073
zmax	exhausted	124	0.000484
plain	timeout	21017	0.100079
zmax	exhausted	43	0.000165
plain	timeout	21765	0.100564
zmax	exhausted	124	0.000496
plain	timeout	20911	0.100079
zmax	exhausted	43	0.000164
plain	timeout	21404	0.100089
zmax	exhausted	124	0.000499
plain	timeout	20752	0.100134
plain	timeout	21694	0.100075
zmax	ok	4	0.000097
zmax	ok	2	0.000040
zmax	ok	2	0.000036
zmax	ok	2	0.000034
zmax	ok	2	0.000033
zmax	ok	2	0.000029
zmax	ok	2	0.000030
zmax	ok	4	0.000035
zmax	ok	4	0.000035
zmax	ok	2	0.000032
zmax	ok	2	0.000031
zmax	ok	2	0.000031
zmax	ok	2	0.000027
zmax	ok	2	0.000032
zmax	ok	2	0.000032
zmax	ok	2	0.000029
zmax	ok	1	0.000121
zmax	ok	1	0.000116
zmax	ok	1	0.000050
zmax	ok	1	0.000048
zmax	ok	1	0.000046
zmax	ok	13	0.000122
zmax	ok	4	0.000063
zmax	ok	6	0.000091
zmax	ok	17	0.000137
zmax	ok	6	0.000064
zmax	ok	6	0.000079
zmax	ok	3	0.000048
zmax	ok	40	0.000293
zmax	ok	6	0.000072
zmax	ok	13	0.000108
zmax	ok	23	0.000179
zmax	exhausted	1	0.000033
zmax	ok	2	0.000048
plain	ok	14	0.000155
zmax	ok	4	0.000049
zmax	exhausted	1	0.000035
zmax	ok	3	0.000059
plain	exhausted	1	0.000030
zmax	ok	13	0.000110
zmax	ok	18	0.000173
zmax	exhausted	3	0.000043
zmax	ok	1	0.000055
plain	ok	13	0.000144
zmax	ok	13	0.000113
zmax	ok	1	0.000041
zmax	ok	1	0.000040
zmax	ok	1	0.000036
zmax	ok	1	0.000038
zmax	ok	75	0.000525
zmax	ok	2	0.000044
zmax	ok	2	0.000047
zmax	ok	4	0.000051
zmax	ok	12	0.000111
zmax	ok	9	0.000087
zmax	exhausted	1	0.000031
zmax	ok	5	0.000062
zmax	ok	5	0.000058
zmax	ok	2	0.000041
zmax	ok	2	0.000048
zmax	ok	1	0.000044
zmax	ok	1	0.000038
plain	ok	53	0.000565
zmax	ok	1	0.000049
zmax	ok	13	0.000112
zmax	ok	12	0.000117
zmax	exhausted	2	0.000036
plain	ok	8	0.000093
zmax	ok	17	0.000129
zmax	ok	2	0.000045
zmax	ok	29	0.000208
zmax	ok	4	0.000053
zmax	ok	13	0.000107
zmax	exhausted	2	0.000034
plain	ok	8	0.000088
zmax	ok	29	0.000211
zmax	exhausted	103	0.000761
plain	ok	9	0.000112
zmax	ok	6	0.000072
zmax	ok	6	0.000067
zmax	ok	3	0.000057
zmax	ok	17	0.000150
zmax	ok	19	0.000171
zmax	exhausted	166	0.001133
zmax	ok	2	0.000043
zmax	ok	4	0.000058
zmax	exhausted	103	0.000621
plain	ok	20	0.000196
zmax	ok	3	0.000056
zmax	ok	18	0.000152
zmax	ok	10	0.000088
zmax	ok	1	0.000039
zmax	ok	12	0.000106
zmax	ok	17	0.000129
zmax	ok	4	0.000055
zmax	ok	4	0.000063
zmax	ok	16	0.000123
zmax	ok	2	0.000042
zmax	ok	4	0.000052
zmax	ok	4	0.000053
zmax	ok	4	0.000052
zmax	ok	2	0.000040
zmax	ok	2	0.000035
zmax	ok	4	0.000051
zmax	ok	1	0.000039
zmax	ok	5	0.000061
zmax	ok	6	0.000072
zmax	ok	2	0.000043
zmax	ok	3	0.000047
zmax	ok	2	0.000042
zmax	ok	1	0.000035
zmax	ok	1	0.000041
zmax	ok	2	0.000045
zmax	ok	6	0.000076
zmax	ok	3	0.000049
zmax	ok	3	0.000051
zmax	ok	6	0.000074
zmax	ok	1	0.000035
zmax	ok	4	0.000055
zmax	exhausted	1	0.000027
plain	ok	12	0.000134
zmax	ok	2	0.000041
zmax	ok	4	0.000053
zmax	ok	4	0.000059
zmax	ok	22	0.000201
zmax	exhausted	1	0.000027
plain	exhausted	1	0.000026
zmax	ok	5	0.000060
zmax	exhausted	8	0.000069
plain	ok	43	0.000401
zmax	ok	37	0.000294
zmax	ok	5	0.000061
zmax	exhausted	1	0.000028
plain	exhausted	1	0.000026
zmax	ok	2	0.000049
zmax	exhausted	1	0.000027
plain	ok	32	0.000304
zmax	exhausted	1	0.000028
plain	exhausted	1	0.000026
zmax	ok	5	0.000060
zmax	exhausted	8	0.000069
plain	ok	43	0.000400
zmax	ok	37	0.000295
zmax	ok	1	0.000036
zmax	ok	1	0.000034
zmax	exhausted	127	0.000935
plain	timeout	13013	0.100105
zmax	ok	1	0.000038
zmax	ok	4	0.000045
zmax	ok	17	0.000089
zmax	ok	40	0.000182
zmax	ok	13	0.000073
zmax	exhausted	1	0.000022
plain	ok	14	0.000091
zmax	exhausted	1	0.000021
plain	exhausted	1	0.000023
zmax	ok	13	0.000070
zmax	exhausted	3	0.000027
plain	ok	13	0.000084
zmax	ok	75	0.000323
zmax	ok	2	0.000033
zmax	ok	12	0.000071
zmax	exhausted	1	0.000021
plain	ok	53	0.000268
zmax	ok	13	0.000072
zmax	exhausted	2	0.000024
plain	ok	8	0.000060
zmax	ok	29	0.000137
zmax	ok	13	0.000070
zmax	exhausted	2	0.000023
plain	ok	8	0.000059
zmax	ok	29	0.000132
zmax	exhausted	166	0.000707
plain	timeout	10804	0.100079
zmax	exhausted	127	0.000565
plain	timeout	20778	0.100093
zmax	ok	4	0.000050
zmax	ok	17	0.000090
zmax	ok	40	0.000180
zmax	exhausted	245	0.001044
plain	timeout	17483	0.100080
zmax	ok	1	0.000037
zmax	ok	13	0.000079
zmax	ok	1	0.000030
zmax	ok	1	0.000027
zmax	ok	1	0.000033
zmax	ok	1	0.000031
zmax	ok	5	0.000046
zmax	ok	2	0.000033
zmax	ok	9	0.000058
zmax	ok	4	0.000037
zmax	ok	5	0.000040
zmax	ok	2	0.000032
zmax	ok	5	0.000043
zmax	ok	1	0.000029
zmax	ok	1	0.000026
zmax	ok	1	0.000028
zmax	ok	12	0.000071
zmax	ok	16	0.000108
zmax	ok	3	0.000056
zmax	ok	18	0.000100
zmax	ok	9	0.000080
zmax	ok	2	0.000032
zmax	ok	4	0.000037
zmax	exhausted	103	0.000387
plain	ok	20	0.000124
zmax	ok	6	0.000050
zmax	ok	6	0.000042
zmax	ok	6	0.000051
zmax	ok	32	0.000138
zmax	exhausted	94	0.000351
plain	ok	7	0.000058
zmax	ok	6	0.000052
zmax	ok	3	0.000032
zmax	ok	21	0.000099
zmax	ok	1	0.000027
zmax	ok	12	0.000071
zmax	ok	16	0.000080
zmax	ok	4	0.000053
zmax	ok	4	0.000041
zmax	ok	16	0.000083
zmax	ok	2	0.000030
zmax	ok	4	0.000058
zmax	ok	4	0.000046
zmax	ok	4	0.000038
zmax	ok	2	0.000030
zmax	ok	2	0.000026
zmax	ok	4	0.000036
zmax	ok	1	0.000027
zmax	ok	3	0.000034
zmax	ok	2	0.000032
zmax	ok	2	0.000031
zmax	ok	5	0.000042
zmax	ok	6	0.000048
zmax	ok	1	0.000026
zmax	ok	1	0.000028
zmax	ok	6	0.000048
zmax	ok	2	0.000031
zmax	ok	3	0.000034
zmax	ok	3	0.000034
zmax	ok	6	0.000049
zmax	ok	1	0.000025
zmax	exhausted	1	0.000021
plain	timeout	20924	0.100084
zmax	exhausted	245	0.001105
plain	timeout	17755	0.100081
zmax	ok	1	0.000036
zmax	ok	1	0.000030
zmax	ok	1	0.000029
zmax	ok	5	0.000042
zmax	ok	4	0.000036
zmax	ok	9	0.000056
zmax	ok	2	0.000029
zmax	ok	2	0.000029
zmax	ok	5	0.000041
zmax	ok	5	0.000038
zmax	ok	1	0.000026
zmax	ok	1	0.000025
zmax	ok	1	0.000029
zmax	ok	12	0.000072
zmax	ok	16	0.000080
zmax	ok	6	0.000051
zmax	ok	32	0.000140
zmax	exhausted	94	0.000355
plain	ok	7	0.000058
zmax	ok	3	0.000040
zmax	ok	18	0.000126
zmax	ok	9	0.000080
zmax	ok	3	0.000042
zmax	ok	17	0.000099
zmax	ok	19	0.000106
zmax	ok	2	0.000031
zmax	ok	4	0.000035
zmax	exhausted	103	0.000388
plain	ok	9	0.000068
zmax	ok	6	0.000049
zmax	ok	6	0.000042
zmax	ok	1	0.000029
zmax	ok	12	0.000071
zmax	ok	16	0.000079
zmax	ok	4	0.000041
zmax	ok	4	0.000040
zmax	ok	16	0.000083
zmax	ok	2	0.000030
zmax	ok	4	0.000038
zmax	ok	4	0.000038
zmax	ok	4	0.000036
zmax	ok	2	0.000030
zmax	ok	2	0.000026
zmax	ok	4	0.000036
zmax	ok	1	0.000040
zmax	ok	3	0.000051
zmax	ok	5	0.000043
zmax	ok	3	0.000033
zmax	ok	2	0.000029
zmax	ok	2	0.000031
zmax	ok	1	0.000026
zmax	ok	1	0.000027
zmax	ok	6	0.000051
zmax	ok	3	0.000036
zmax	ok	3	0.000042
zmax	ok	6	0.000049
zmax	ok	2	0.000031
zmax	ok	1	0.000026
zmax	exhausted	1	0.000021
plain	timeout	20898	0.100081
zmax	exhausted	245	0.001044
plain	timeout	17729	0.100082
zmax	ok	1	0.000037
zmax	ok	9	0.000062
zmax	ok	5	0.000041
zmax	ok	4	0.000036
zmax	ok	5	0.000041
zmax	ok	2	0.000029
zmax	ok	2	0.000028
zmax	ok	9	0.000055
zmax	ok	1	0.000026
zmax	ok	1	0.000025
zmax	ok	1	0.000029
zmax	ok	12	0.000072
zmax	ok	17	0.000085
zmax	ok	2	0.000033
zmax	ok	4	0.000036
zmax	exhausted	101	0.000377
plain	ok	20	0.000124
zmax	ok	3	0.000039
zmax	ok	18	0.000093
zmax	ok	10	0.000057
zmax	ok	3	0.000050
zmax	ok	17	0.000145
zmax	ok	19	0.000114
zmax	ok	6	0.000055
zmax	ok	26	0.000118
zmax	ok	4	0.000038
zmax	ok	6	0.000050
zmax	ok	6	0.000042
zmax	ok	1	0.000028
zmax	ok	12	0.000070
zmax	ok	17	0.000083
zmax	ok	4	0.000037
zmax	ok	4	0.000039
zmax	ok	16	0.000081
zmax	ok	2	0.000030
zmax	ok	4	0.000038
zmax	ok	4	0.000036
zmax	ok	4	0.000036
zmax	ok	2	0.000029
zmax	ok	2	0.000026
zmax	ok	4	0.000036
zmax	ok	1	0.000027
zmax	ok	2	0.000031
zmax	ok	3	0.000034
zmax	ok	6	0.000075
zmax	ok	2	0.000044
zmax	ok	5	0.000044
zmax	ok	1	0.000026
zmax	ok	1	0.000028
zmax	ok	3	0.000036
zmax	ok	6	0.000051
zmax	ok	6	0.000049
zmax	ok	3	0.000036
zmax	ok	2	0.000032
zmax	ok	1	0.000026
zmax	ok	4	0.000037
zmax	exhausted	1	0.000021
plain	ok	12	0.000087
zmax	ok	2	0.000030
zmax	ok	4	0.000035
zmax	ok	5	0.000041
zmax	exhausted	2	0.000026
plain	ok	40	0.000237
zmax	ok	31	0.000161
zmax	ok	5	0.000043
zmax	exhausted	1	0.000021
plain	exhausted	1	0.000034
zmax	ok	2	0.000031
zmax	exhausted	1	0.000029
plain	ok	33	0.000242
zmax	exhausted	1	0.000023
plain	exhausted	1	0.000021
zmax	ok	5	0.000041
zmax	exhausted	2	0.000025
plain	ok	40	0.000229
zmax	ok	31	0.000159
zmax	ok	1	0.000027
zmax	ok	1	0.000025
zmax	exhausted	121	0.000544
plain	timeout	20859	0.100094
zmax	exhausted	245	0.001054
plain	timeout	17059	0.100080
zmax	exhausted	121	0.000549
plain	timeout	20228	0.100085
zmax	exhausted	245	0.001040
plain	timeout	17168	0.100085
zmax	ok	9	0.000066
zmax	ok	1	0.000029
zmax	ok	1	0.000027
zmax	ok	1	0.000043
zmax	ok	12	0.000082
zmax	ok	17	0.000086
zmax	ok	6	0.000051
zmax	ok	6	0.000044
zmax	ok	2	0.000032
zmax	ok	4	0.000035
zmax	exhausted	101	0.000384
plain	ok	20	0.000125
zmax	ok	6	0.000049
zmax	ok	6	0.000043
zmax	ok	2	0.000032
zmax	ok	4	0.000035
zmax	exhausted	101	0.000379
plain	ok	9	0.000068
zmax	ok	3	0.000037
zmax	ok	17	0.000137
zmax	ok	19	0.000141
zmax	ok	1	0.000029
zmax	ok	12	0.000072
zmax	ok	17	0.000083
zmax	ok	4	0.000038
zmax	ok	4	0.000039
zmax	ok	16	0.000082
zmax	ok	2	0.000030
zmax	ok	4	0.000037
zmax	ok	4	0.000037
zmax	ok	4	0.000036
zmax	ok	2	0.000028
zmax	ok	2	0.000027
zmax	ok	4	0.000036
zmax	ok	1	0.000027
zmax	ok	5	0.000042
zmax	ok	6	0.000049
zmax	ok	3	0.000035
zmax	ok	2	0.000031
zmax	ok	2	0.000032
zmax	ok	1	0.000026
zmax	ok	1	0.000027
zmax	ok	3	0.000036
zmax	ok	6	0.000047
zmax	ok	2	0.000031
zmax	ok	3	0.000035
zmax	ok	6	0.000049
zmax	ok	1	0.000025
zmax	ok	4	0.000036
zmax	exhausted	1	0.000021
plain	ok	12	0.000087
zmax	ok	2	0.000029
zmax	ok	4	0.000035
zmax	ok	5	0.000041
zmax	exhausted	2	0.000026
plain	ok	40	0.000233
zmax	ok	31	0.000162
zmax	ok	5	0.000042
zmax	exhausted	1	0.000020
plain	exhausted	1	0.000020
zmax	ok	2	0.000045
zmax	exhausted	1	0.000030
plain	ok	33	0.000212
zmax	exhausted	1	0.000023
plain	exhausted	1	0.000021
zmax	ok	5	0.000041
zmax	exhausted	2	0.000025
plain	ok	40	0.000228
zmax	ok	31	0.000160
zmax	ok	1	0.000027
zmax	ok	1	0.000025
zmax	exhausted	121	0.000550
plain	timeout	20833	0.100090
zmax	exhausted	245	0.001045
plain	timeout	16958	0.100080
zmax	exhausted	121	0.000558
plain	timeout	20894	0.100089
zmax	exhausted	245	0.001120
plain	timeout	16920	0.100081
zmax	ok	1	0.000034
zmax	ok	1	0.000032
zmax	ok	12	0.000075
zmax	ok	17	0.000086
zmax	ok	6	0.000058
zmax	ok	3	0.000032
zmax	ok	29	0.000132
zmax	ok	6	0.000049
zmax	ok	6	0.000043
zmax	ok	3	0.000038
zmax	ok	18	0.000093
zmax	ok	10	0.000061
zmax	ok	6	0.000050
zmax	ok	6	0.000043
zmax	ok	2	0.000032
zmax	ok	4	0.000035
zmax	exhausted	101	0.000379
plain	ok	20	0.000138
zmax	ok	1	0.000029
zmax	ok	12	0.000071
zmax	ok	17	0.000083
zmax	ok	4	0.000038
zmax	ok	4	0.000062
zmax	ok	16	0.000120
zmax	ok	2	0.000039
zmax	ok	4	0.000038
zmax	ok	4	0.000038
zmax	ok	4	0.000037
zmax	ok	2	0.000029
zmax	ok	2	0.000027
zmax	ok	4	0.000037
zmax	ok	1	0.000028
zmax	ok	2	0.000031
zmax	ok	3	0.000034
zmax	ok	3	0.000036
zmax	ok	5	0.000042
zmax	ok	2	0.000030
zmax	ok	1	0.000025
zmax	ok	1	0.000027
zmax	ok	6	0.000051
zmax	ok	3	0.000035
zmax	ok	6	0.000048
zmax	ok	2	0.000031
zmax	ok	3	0.000035
zmax	ok	1	0.000026
zmax	ok	4	0.000037
zmax	exhausted	1	0.000030
plain	ok	12	0.000124
zmax	ok	2	0.000032
zmax	ok	4	0.000037
zmax	ok	5	0.000044
zmax	exhausted	2	0.000026
plain	ok	40	0.000237
zmax	ok	31	0.000161
zmax	ok	5	0.000042
zmax	exhausted	1	0.000022
plain	exhausted	1	0.000020
zmax	ok	2	0.000030
zmax	exhausted	1	0.000021
plain	ok	33	0.000197
zmax	exhausted	1	0.000021
plain	exhausted	1	0.000021
zmax	ok	5	0.000041
zmax	exhausted	2	0.000026
plain	ok	40	0.000251
zmax	ok	31	0.000163
zmax	ok	1	0.000027
zmax	ok	1	0.000026
zmax	exhausted	121	0.000551
plain	timeout	20765	0.100091
zmax	exhausted	245	0.001047
plain	timeout	16777	0.100086
zmax	exhausted	121	0.000555
plain	timeout	20891	0.100082
zmax	exhausted	245	0.001038
plain	timeout	16942	0.100087
zmax	ok	1	0.000037
zmax	ok	12	0.000075
zmax	ok	17	0.000086
zmax	ok	4	0.000041
zmax	ok	4	0.000041
zmax	ok	16	0.000084
zmax	ok	2	0.000031
zmax	ok	4	0.000036
zmax	ok	4	0.000038
zmax	ok	4	0.000037
zmax	ok	2	0.000030
zmax	ok	2	0.000027
zmax	ok	4	0.000037
zmax	ok	1	0.000028
zmax	ok	2	0.000033
zmax	ok	2	0.000031
zmax	ok	6	0.000051
zmax	ok	3	0.000035
zmax	ok	5	0.000043
zmax	ok	1	0.000025
zmax	ok	1	0.000028
zmax	ok	3	0.000036
zmax	ok	2	0.000044
zmax	ok	6	0.000070
zmax	ok	3	0.000050
zmax	ok	6	0.000051
zmax	ok	1	0.000029
zmax	ok	4	0.000037
zmax	exhausted	1	0.000020
plain	ok	12	0.000087
zmax	ok	2	0.000029
zmax	ok	4	0.000037
zmax	ok	5	0.000041
zmax	exhausted	2	0.000025
plain	ok	40	0.000237
zmax	ok	31	0.000163
zmax	ok	5	0.000042
zmax	exhausted	1	0.000020
plain	exhausted	1	0.000021
zmax	ok	2	0.000031
zmax	exhausted	1	0.000022
plain	ok	33	0.000201
zmax	exhausted	1	0.000021
plain	exhausted	1	0.000020
zmax	ok	5	0.000040
zmax	exhausted	2	0.000024
plain	ok	40	0.000311
zmax	ok	31	0.000165
zmax	ok	1	0.000028
zmax	ok	1	0.000026
zmax	exhausted	121	0.000564
plain	timeout	20672	0.100082
zmax	exhausted	245	0.001045
plain	timeout	16913	0.100080
zmax	exhausted	121	0.000552
plain	timeout	20669	0.100082
zmax	exhausted	245	0.001048
plain	timeout	17061	0.100085
zmax	ok	16	0.000092
zmax	ok	4	0.000042
zmax	ok	4	0.000040
zmax	ok	2	0.000031
zmax	ok	2	0.000027
zmax	ok	4	0.000036
zmax	exhausted	71	0.000281
plain	timeout	20748	0.100078
zmax	exhausted	245	0.001117
plain	timeout	18648	0.100081
zmax	exhausted	71	0.000285
plain	timeout	20851	0.100087
zmax	exhausted	245	0.001057
plain	timeout	18630	0.100078
zmax	exhausted	71	0.000289
plain	timeout	20730	0.100082
zmax	exhausted	245	0.001115
plain	timeout	18581	0.100082
zmax	ok	4	0.000047
zmax	exhausted	71	0.000284
plain	timeout	20747	0.100088
zmax	exhausted	245	0.001043
plain	timeout	18357	0.100082
zmax	exhausted	71	0.000290
plain	timeout	20836	0.100086
zmax	exhausted	245	0.001042
plain	timeout	18467	0.100081
zmax	exhausted	71	0.000288
plain	timeout	20811	0.100078
zmax	exhausted	245	0.001036
plain	timeout	18474	0.100078
zmax	exhausted	71	0.000294
plain	timeout	20612	0.100071
zmax	exhausted	245	0.001041
plain	timeout	17651	0.100081
zmax	exhausted	71	0.000299
plain	timeout	20626	0.100099
zmax	exhausted	245	0.001136
plain	timeout	18062	0.100072
zmax	exhausted	71	0.000293
plain	timeout	20659	0.100090
plain	timeout	18119	0.100076
zmax	exhausted	71	0.000294
plain	timeout	18271	0.100073
zmax	ok	6	0.000138
zmax	ok	3	0.000133
zmax	ok	1	0.000034
zmax	ok	1	0.000036
zmax	ok	1	0.000036
zmax	ok	13	0.000094
zmax	ok	8	0.000066
zmax	ok	2	0.000037
zmax	ok	4	0.000045
zmax	ok	9	0.000080
zmax	ok	6	0.000052
zmax	ok	5	0.000046
zmax	ok	42	0.000204
zmax	ok	3	0.000038
zmax	ok	2	0.000036
zmax	ok	12	0.000076
zmax	ok	2	0.000033
zmax	ok	4	0.000038
zmax	ok	7	0.000060
zmax	ok	3	0.000037
zmax	ok	27	0.000138
zmax	ok	18	0.000096
zmax	ok	1	0.000027
zmax	ok	5	0.000050
zmax	ok	13	0.000076
zmax	ok	11	0.000070
zmax	ok	1	0.000030
zmax	ok	1	0.000026
zmax	ok	1	0.000028
zmax	ok	46	0.000210
zmax	ok	1	0.000026
zmax	ok	2	0.000032
zmax	ok	2	0.000033
zmax	exhausted	1	0.000025
zmax	ok	8	0.000057
plain	ok	40	0.000223
zmax	ok	30	0.000150
zmax	exhausted	1	0.000023
plain	exhausted	1	0.000021
zmax	ok	5	0.000046
zmax	ok	5	0.000045
zmax	ok	12	0.000071
zmax	ok	14	0.000078
zmax	exhausted	1	0.000021
zmax	ok	19	0.000096
zmax	ok	2	0.000031
zmax	ok	1	0.000026
plain	ok	35	0.000182
zmax	ok	1	0.000025
zmax	ok	5	0.000041
zmax	ok	1	0.000034
zmax	exhausted	1	0.000021
plain	exhausted	1	0.000020
zmax	ok	13	0.000084
zmax	ok	8	0.000057
zmax	ok	6	0.000048
zmax	ok	9	0.000062
zmax	ok	2	0.000032
zmax	ok	4	0.000040
zmax	ok	42	0.000193
zmax	exhausted	103	0.000431
plain	ok	22	0.000154
zmax	ok	6	0.000055
zmax	ok	5	0.000046
zmax	exhausted	169	0.000718
zmax	ok	20	0.000104
zmax	ok	2	0.000046
zmax	ok	4	0.000038
zmax	ok	5	0.000042
zmax	ok	6	0.000052
zmax	ok	10	0.000065
zmax	ok	3	0.000043
zmax	ok	2	0.000038
zmax	ok	23	0.000134
zmax	ok	1	0.000027
zmax	ok	13	0.000081
zmax	ok	6	0.000047
zmax	ok	4	0.000038
zmax	ok	4	0.000041
zmax	ok	16	0.000084
zmax	ok	2	0.000031
zmax	ok	4	0.000036
zmax	ok	1	0.000028
zmax	ok	5	0.000049
zmax	ok	6	0.000052
zmax	ok	2	0.000031
zmax	ok	2	0.000031
zmax	ok	4	0.000037
zmax	ok	1	0.000026
zmax	ok	1	0.000027
zmax	ok	5	0.000043
zmax	ok	3	0.000034
zmax	ok	2	0.000030
zmax	ok	2	0.000030
zmax	ok	6	0.000050
zmax	ok	1	0.000026
zmax	ok	1	0.000031
zmax	ok	3	0.000036
zmax	ok	6	0.000049
zmax	ok	6	0.000049
zmax	ok	2	0.000031
zmax	ok	3	0.000035
zmax	ok	1	0.000026
zmax	ok	4	0.000042
zmax	ok	4	0.000041
zmax	ok	34	0.000170
zmax	ok	2	0.000030
zmax	ok	34	0.000162
zmax	ok	4	0.000040
zmax	ok	5	0.000056
zmax	ok	76	0.000342
zmax	exhausted	6	0.000039
plain	timeout	20269	0.100097
zmax	exhausted	169	0.000701
plain	timeout	15924	0.100059
zmax	ok	5	0.000054
zmax	ok	76	0.000339
zmax	exhausted	1	0.000051
plain	timeout	20689	0.100080
zmax	exhausted	169	0.000695
plain	timeout	16952	0.100055
zmax	ok	2	0.000039
zmax	ok	78	0.000349
zmax	exhausted	1	0.000022
plain	timeout	20825	0.100108
zmax	ok	1	0.000039
zmax	ok	1	0.000030
zmax	ok	1	0.000028
zmax	ok	5	0.000048
zmax	exhausted	1	0.000031
plain	exhausted	1	0.000021
zmax	ok	8	0.000062
zmax	ok	9	0.000062
zmax	ok	25	0.000134
zmax	ok	5	0.000046
zmax	ok	11	0.000074
zmax	ok	28	0.000159
zmax	ok	2	0.000042
zmax	exhausted	1	0.000034
plain	ok	40	0.000206
zmax	exhausted	1	0.000021
plain	exhausted	1	0.000021
zmax	ok	12	0.000072
zmax	ok	7	0.000051
zmax	ok	17	0.000094
zmax	ok	5	0.000041
zmax	ok	14	0.000075
zmax	exhausted	1	0.000020
plain	ok	35	0.000180
zmax	ok	12	0.000072
zmax	ok	7	0.000049
zmax	ok	17	0.000094
zmax	exhausted	93	0.000360
plain	timeout	16998	0.100046
zmax	ok	2	0.000039
zmax	ok	78	0.000343
zmax	exhausted	1	0.000022
plain	timeout	20454	0.100083
zmax	exhausted	93	0.000378
plain	timeout	16753	0.100048
zmax	ok	10	0.000074
zmax	ok	75	0.000338
zmax	exhausted	7	0.000042
plain	timeout	20625	0.100086
zmax	exhausted	93	0.000383
plain	timeout	16550	0.100062
zmax	ok	4	0.000048
zmax	ok	1	0.000031
zmax	ok	13	0.000084
zmax	ok	6	0.000054
zmax	ok	5	0.000043
zmax	ok	3	0.000038
zmax	ok	18	0.000094
zmax	ok	3	0.000041
zmax	ok	2	0.000034
zmax	ok	2	0.000031
zmax	ok	4	0.000034
zmax	ok	6	0.000058
zmax	ok	5	0.000042
zmax	ok	1	0.000030
zmax	ok	13	0.000074
zmax	ok	1	0.000026
zmax	ok	1	0.000026
zmax	ok	1	0.000034
zmax	ok	1	0.000030
zmax	ok	2	0.000033
zmax	ok	30	0.000141
zmax	ok	4	0.000035
zmax	ok	12	0.000068
zmax	ok	8	0.000051
zmax	ok	19	0.000095
zmax	ok	2	0.000028
zmax	ok	1	0.000024
zmax	ok	1	0.000024
zmax	ok	1	0.000027
zmax	ok	13	0.000076
zmax	ok	6	0.000047
zmax	ok	6	0.000051
zmax	ok	5	0.000040
zmax	ok	20	0.000097
zmax	ok	6	0.000050
zmax	ok	10	0.000063
zmax	ok	5	0.000051
zmax	ok	11	0.000066
zmax	exhausted	100	0.000383
plain	ok	7	0.000058
zmax	ok	3	0.000038
zmax	ok	17	0.000093
zmax	ok	10	0.000059
zmax	ok	2	0.000030
zmax	ok	4	0.000035
zmax	exhausted	102	0.000411
plain	ok	22	0.000134
zmax	ok	1	0.000027
zmax	ok	13	0.000075
zmax	ok	6	0.000046
zmax	ok	4	0.000036
zmax	ok	4	0.000040
zmax	ok	16	0.000081
zmax	ok	2	0.000031
zmax	ok	4	0.000035
zmax	ok	1	0.000026
zmax	ok	2	0.000031
zmax	ok	2	0.000031
zmax	ok	6	0.000048
zmax	ok	5	0.000044
zmax	ok	3	0.000035
zmax	ok	1	0.000027
zmax	ok	1	0.000027
zmax	ok	5	0.000042
zmax	ok	2	0.000029
zmax	ok	6	0.000048
zmax	ok	2	0.000030
zmax	ok	3	0.000033
zmax	ok	1	0.000025
zmax	ok	1	0.000026
zmax	ok	6	0.000049
zmax	ok	3	0.000036
zmax	ok	6	0.000048
zmax	ok	3	0.000034
zmax	ok	2	0.000030
zmax	ok	1	0.000047
zmax	ok	4	0.000039
zmax	ok	4	0.000039
zmax	ok	34	0.000161
zmax	ok	2	0.000030
zmax	ok	34	0.000159
zmax	ok	4	0.000038
zmax	ok	5	0.000044
zmax	ok	75	0.000318
zmax	exhausted	6	0.000037
plain	timeout	20446	0.100103
zmax	ok	1	0.000041
zmax	ok	1	0.000029
zmax	ok	1	0.000027
zmax	ok	5	0.000047
zmax	ok	11	0.000072
zmax	ok	47	0.000250
zmax	ok	12	0.000073
zmax	ok	7	0.000051
zmax	ok	32	0.000158
zmax	ok	8	0.000057
zmax	ok	9	0.000061
zmax	ok	43	0.000200
zmax	ok	5	0.000041
zmax	ok	14	0.000076
zmax	exhausted	1	0.000021
plain	ok	35	0.000185
zmax	ok	2	0.000030
zmax	exhausted	1	0.000020
plain	ok	40	0.000200
zmax	exhausted	1	0.000020
plain	exhausted	1	0.000019
zmax	ok	5	0.000040
zmax	exhausted	1	0.000021
plain	exhausted	1	0.000019
zmax	ok	5	0.000042
zmax	ok	11	0.000070
zmax	ok	47	0.000213
zmax	exhausted	169	0.000806
plain	timeout	16260	0.100062
zmax	ok	5	0.000054
zmax	ok	75	0.000327
zmax	exhausted	1	0.000023
plain	timeout	20420	0.100083
zmax	exhausted	169	0.000700
plain	timeout	16747	0.100062
zmax	ok	2	0.000038
zmax	ok	77	0.000340
zmax	exhausted	1	0.000023
plain	timeout	20692	0.100075
zmax	exhausted	169	0.000700
plain	timeout	16567	0.100062
zmax	ok	2	0.000041
zmax	ok	77	0.000347
zmax	exhausted	1	0.000023
plain	timeout	20542	0.100083
zmax	ok	1	0.000070
zmax	ok	1	0.000030
zmax	ok	1	0.000027
zmax	ok	5	0.000049
zmax	ok	11	0.000079
zmax	ok	28	0.000169
zmax	ok	5	0.000045
zmax	ok	14	0.000074
zmax	exhausted	1	0.000021
plain	ok	35	0.000185
zmax	ok	8	0.000063
zmax	ok	9	0.000061
zmax	ok	25	0.000130
zmax	ok	12	0.000103
zmax	ok	7	0.000051
zmax	ok	17	0.000099
zmax	ok	5	0.000040
zmax	exhausted	1	0.000020
plain	exhausted	1	0.000020
zmax	ok	2	0.000030
zmax	exhausted	1	0.000020
plain	ok	40	0.000198
zmax	exhausted	1	0.000025
plain	exhausted	1	0.000020
zmax	ok	12	0.000074
zmax	ok	7	0.000050
zmax	ok	17	0.000092
zmax	exhausted	92	0.000361
plain	timeout	16773	0.100046
zmax	ok	10	0.000073
zmax	ok	74	0.000324
zmax	exhausted	7	0.000043
plain	timeout	20407	0.100084
zmax	exhausted	92	0.000373
plain	timeout	16774	0.100048
zmax	ok	1	0.000035
zmax	ok	1	0.000031
zmax	ok	13	0.000077
zmax	ok	6	0.000052
zmax	ok	5	0.000042
zmax	ok	2	0.000032
zmax	ok	4	0.000036
zmax	ok	6	0.000048
zmax	ok	5	0.000040
zmax	ok	2	0.000030
zmax	ok	4	0.000033
zmax	ok	3	0.000036
zmax	ok	2	0.000031
zmax	ok	1	0.000026
zmax	ok	13	0.000072
zmax	ok	1	0.000026
zmax	ok	1	0.000025
zmax	ok	1	0.000026
zmax	ok	1	0.000025
zmax	ok	30	0.000141
zmax	ok	5	0.000040
zmax	ok	4	0.000034
zmax	ok	19	0.000094
zmax	ok	8	0.000050
zmax	ok	2	0.000028
zmax	ok	30	0.000136
zmax	ok	1	0.000025
zmax	ok	1	0.000025
zmax	ok	1	0.000026
zmax	ok	13	0.000074
zmax	ok	6	0.000049
zmax	ok	2	0.000029
zmax	ok	4	0.000034
zmax	ok	5	0.000040
zmax	ok	2	0.000029
zmax	ok	4	0.000035
zmax	exhausted	97	0.000371
plain	ok	18	0.000115
zmax	ok	3	0.000037
zmax	ok	2	0.000031
zmax	ok	19	0.000108
zmax	ok	6	0.000050
zmax	ok	5	0.000041
zmax	ok	21	0.000104
zmax	ok	5	0.000043
zmax	ok	10	0.000063
zmax	ok	1	0.000026
zmax	ok	13	0.000074
zmax	ok	6	0.000046
zmax	exhausted	94	0.000359
plain	timeout	20646	0.100091
zmax	exhausted	92	0.000365
plain	timeout	20000	0.100048
zmax	exhausted	94	0.000366
plain	timeout	20486	0.100089
zmax	ok	1	0.000038
zmax	ok	5	0.000049
zmax	ok	11	0.000072
zmax	ok	28	0.000140
zmax	ok	12	0.000074
zmax	ok	7	0.000052
zmax	ok	17	0.000096
zmax	ok	8	0.000057
zmax	ok	9	0.000060
zmax	ok	25	0.000132
zmax	ok	5	0.000041
zmax	ok	14	0.000076
zmax	exhausted	1	0.000025
plain	ok	35	0.000183
zmax	ok	5	0.000044
zmax	exhausted	1	0.000021
plain	exhausted	1	0.000023
zmax	ok	2	0.000034
zmax	exhausted	1	0.000021
plain	ok	40	0.000211
zmax	exhausted	1	0.000021
plain	exhausted	1	0.000020
zmax	ok	12	0.000072
zmax	ok	7	0.000078
zmax	ok	17	0.000127
zmax	exhausted	92	0.000360
plain	timeout	20160	0.100049
zmax	exhausted	94	0.000363
plain	timeout	20339	0.100085
zmax	exhausted	92	0.000366
plain	timeout	20108	0.100042
zmax	ok	1	0.000068
zmax	ok	1	0.000030
zmax	ok	13	0.000084
zmax	ok	6	0.000051
zmax	ok	5	0.000040
zmax	ok	6	0.000050
zmax	ok	5	0.000038
zmax	ok	3	0.000036
zmax	ok	2	0.000030
zmax	ok	6	0.000048
zmax	ok	10	0.000061
zmax	ok	2	0.000030
zmax	ok	4	0.000033
zmax	ok	1	0.000026
zmax	ok	13	0.000072
zmax	ok	1	0.000026
zmax	ok	1	0.000025
zmax	ok	1	0.000026
zmax	ok	1	0.000026
zmax	ok	2	0.000029
zmax	ok	30	0.000140
zmax	ok	5	0.000041
zmax	ok	19	0.000093
zmax	ok	12	0.000066
zmax	ok	8	0.000051
zmax	ok	2	0.000027
zmax	ok	1	0.000025
zmax	ok	1	0.000024
zmax	ok	1	0.000027
zmax	ok	13	0.000075
zmax	ok	6	0.000045
zmax	ok	3	0.000037
zmax	ok	2	0.000032
zmax	ok	23	0.000155
zmax	ok	2	0.000032
zmax	ok	4	0.000034
zmax	ok	5	0.000041
zmax	ok	2	0.000031
zmax	ok	4	0.000035
zmax	exhausted	103	0.000399
plain	ok	22	0.000135
zmax	ok	6	0.000053
zmax	ok	5	0.000041
zmax	ok	20	0.000097
zmax	ok	6	0.000057
zmax	ok	5	0.000041
zmax	ok	24	0.000116
zmax	ok	1	0.000026
zmax	ok	13	0.000074
zmax	ok	6	0.000045
zmax	ok	4	0.000036
zmax	ok	4	0.000040
zmax	ok	16	0.000082
zmax	ok	2	0.000029
zmax	ok	4	0.000034
zmax	ok	1	0.000027
zmax	ok	6	0.000049
zmax	ok	4	0.000038
zmax	ok	3	0.000036
zmax	ok	2	0.000030
zmax	ok	5	0.000043
zmax	ok	1	0.000026
zmax	ok	1	0.000026
zmax	ok	2	0.000031
zmax	ok	2	0.000030
zmax	ok	5	0.000041
zmax	ok	3	0.000035
zmax	ok	6	0.000047
zmax	ok	1	0.000025
zmax	ok	1	0.000026
zmax	ok	6	0.000049
zmax	ok	3	0.000034
zmax	ok	3	0.000036
zmax	ok	6	0.000046
zmax	ok	2	0.000030
zmax	ok	1	0.000026
zmax	ok	4	0.000038
zmax	ok	4	0.000038
zmax	ok	34	0.000160
zmax	ok	2	0.000047
zmax	ok	34	0.000158
zmax	ok	4	0.000037
zmax	ok	5	0.000045
zmax	ok	76	0.000326
zmax	exhausted	6	0.000038
plain	timeout	20434	0.100080
zmax	exhausted	92	0.000373
plain	timeout	16826	0.100047
zmax	ok	5	0.000054
zmax	ok	76	0.000336
zmax	exhausted	1	0.000022
plain	timeout	20445	0.100081
zmax	ok	1	0.000046
zmax	ok	5	0.000046
zmax	exhausted	1	0.000022
plain	exhausted	1	0.000030
zmax	ok	5	0.000050
zmax	ok	11	0.000069
zmax	ok	47	0.000219
zmax	ok	5	0.000054
zmax	ok	14	0.000108
zmax	exhausted	1	0.000028
plain	ok	35	0.000186
zmax	ok	2	0.000035
zmax	exhausted	1	0.000021
plain	ok	40	0.000199
zmax	exhausted	1	0.000025
plain	exhausted	1	0.000040
zmax	ok	12	0.000073
zmax	ok	7	0.000050
zmax	ok	32	0.000156
zmax	ok	8	0.000055
zmax	ok	9	0.000059
zmax	ok	43	0.000193
zmax	ok	5	0.000041
zmax	ok	11	0.000067
zmax	ok	47	0.000213
zmax	exhausted	169	0.000695
plain	timeout	16634	0.100066
zmax	ok	2	0.000040
zmax	ok	78	0.000351
zmax	exhausted	1	0.000022
plain	timeout	20311	0.100086
zmax	exhausted	169	0.000772
plain	timeout	16808	0.100059
zmax	ok	2	0.000039
zmax	ok	78	0.000349
zmax	exhausted	1	0.000021
plain	timeout	20476	0.100080
zmax	exhausted	169	0.000705
plain	timeout	16971	0.100060
zmax	ok	10	0.000074
zmax	ok	75	0.000330
zmax	exhausted	7	0.000057
plain	timeout	20498	0.100084
zmax	ok	1	0.000036
zmax	ok	2	0.000036
zmax	exhausted	1	0.000023
plain	ok	40	0.000211
zmax	exhausted	1	0.000026
plain	exhausted	1	0.000021
zmax	ok	5	0.000051
zmax	ok	11	0.000069
zmax	ok	28	0.000142
zmax	ok	5	0.000040
zmax	ok	14	0.000076
zmax	exhausted	1	0.000021
plain	ok	35	0.000186
zmax	ok	8	0.000056
zmax	ok	9	0.000060
zmax	ok	25	0.000180
zmax	ok	5	0.000053
zmax	exhausted	1	0.000021
plain	exhausted	1	0.000019
zmax	ok	12	0.000082
zmax	ok	7	0.000050
zmax	ok	17	0.000095
zmax	ok	12	0.000071
zmax	ok	7	0.000052
zmax	ok	17	0.000093
zmax	exhausted	93	0.000367
plain	timeout	16801	0.100049
zmax	ok	3	0.000046
zmax	ok	18	0.000098
zmax	ok	1	0.000030
zmax	ok	1	0.000027
zmax	ok	1	0.000027
zmax	ok	1	0.000026
zmax	ok	1	0.000026
zmax	ok	2	0.000031
zmax	ok	4	0.000039
zmax	ok	2	0.000029
zmax	ok	5	0.000042
zmax	ok	2	0.000029
zmax	ok	1	0.000025
zmax	ok	1	0.000026
zmax	ok	1	0.000025
zmax	ok	1	0.000027
zmax	ok	13	0.000077
zmax	ok	9	0.000062
zmax	ok	6	0.000051
zmax	ok	10	0.000065
zmax	ok	3	0.000038
zmax	ok	2	0.000031
zmax	ok	26	0.000153
zmax	ok	2	0.000032
zmax	ok	4	0.000035
zmax	exhausted	103	0.000416
plain	ok	28	0.000168
zmax	ok	5	0.000047
zmax	ok	11	0.000068
zmax	exhausted	99	0.000382
plain	ok	8	0.000064
zmax	ok	6	0.000053
zmax	ok	5	0.000041
zmax	ok	34	0.000158
zmax	ok	1	0.000027
zmax	ok	13	0.000075
zmax	ok	9	0.000058
zmax	ok	4	0.000040
zmax	ok	16	0.000082
zmax	ok	2	0.000028
zmax	ok	4	0.000037
zmax	ok	1	0.000027
zmax	ok	5	0.000045
zmax	ok	2	0.000030
zmax	ok	4	0.000038
zmax	ok	2	0.000031
zmax	ok	6	0.000048
zmax	ok	1	0.000026
zmax	ok	1	0.000027
zmax	ok	6	0.000050
zmax	ok	2	0.000030
zmax	ok	3	0.000034
zmax	ok	5	0.000041
zmax	ok	2	0.000030
zmax	ok	1	0.000025
zmax	ok	1	0.000026
zmax	ok	6	0.000048
zmax	ok	3	0.000036
zmax	ok	3	0.000032
zmax	ok	2	0.000030
zmax	ok	1	0.000026
zmax	ok	1	0.000025
zmax	ok	6	0.000049
zmax	ok	5	0.000049
zmax	ok	3	0.000035
zmax	ok	2	0.000027
zmax	ok	1	0.000024
zmax	ok	5	0.000044
zmax	exhausted	8	0.000046
plain	ok	49	0.000296
zmax	ok	18	0.000104
zmax	ok	2	0.000031
zmax	exhausted	10	0.000055
plain	ok	60	0.000355
zmax	ok	12	0.000082
zmax	ok	2	0.000028
zmax	exhausted	1	0.000020
plain	ok	30	0.000189
zmax	exhausted	1	0.000020
plain	exhausted	1	0.000019
zmax	ok	6	0.000050
zmax	exhausted	5	0.000034
plain	ok	38	0.000227
zmax	ok	25	0.000149
zmax	ok	5	0.000044
zmax	exhausted	8	0.000046
plain	ok	49	0.000295
zmax	ok	18	0.000105
zmax	ok	1	0.000026
zmax	ok	1	0.000025
zmax	exhausted	135	0.000747
plain	timeout	20485	0.100092
zmax	exhausted	93	0.000373
plain	timeout	16374	0.100058
zmax	exhausted	135	0.000639
plain	timeout	20643	0.100098
zmax	exhausted	93	0.000378
plain	timeout	16681	0.100069
plain	timeout	20513	0.100081
zmax	ok	1	0.000083
zmax	ok	1	0.000042
zmax	ok	1	0.000046
zmax	ok	1	0.000030
zmax	ok	1	0.000031
zmax	ok	1	0.000029
zmax	ok	1	0.000029
zmax	ok	1	0.000030
zmax	ok	1	0.000029
zmax	ok	1	0.000030
zmax	ok	1	0.000026
zmax	ok	1	0.000032
zmax	ok	1	0.000028
zmax	ok	1	0.000027
zmax	ok	1	0.000027
zmax	ok	1	0.000028
zmax	ok	1	0.000027
zmax	ok	1	0.000029
zmax	ok	1	0.000027
zmax	ok	1	0.000029
zmax	ok	5	0.000123
zmax	ok	5	0.000132
zmax	ok	5	0.000060
zmax	ok	8	0.000077
zmax	ok	1	0.000040
zmax	ok	8	0.000084
zmax	ok	1	0.000035
zmax	ok	2	0.000043
zmax	ok	16	0.000113
zmax	ok	17	0.000129
zmax	ok	23	0.000165
zmax	ok	12	0.000101
zmax	ok	24	0.000154
zmax	ok	9	0.000083
zmax	ok	7	0.000067
zmax	ok	15	0.000107
zmax	ok	14	0.000096
zmax	ok	10	0.000075
zmax	ok	5	0.000058
zmax	ok	17	0.000117
zmax	ok	5	0.000049
zmax	ok	16	0.000111
zmax	ok	5	0.000052
zmax	ok	17	0.000108
zmax	ok	5	0.000050
zmax	ok	31	0.000186
zmax	ok	8	0.000069
zmax	ok	16	0.000102
zmax	ok	1	0.000038
zmax	ok	1	0.000036
zmax	ok	1	0.000031
zmax	exhausted	217	0.001307
zmax	ok	1	0.000028
zmax	ok	12	0.000095
zmax	ok	9	0.000070
plain	ok	37	0.000264
zmax	ok	5	0.000058
zmax	ok	8	0.000067
zmax	ok	34	0.000196
zmax	ok	67	0.000484
zmax	ok	5	0.000056
zmax	ok	7	0.000060
zmax	ok	45	0.000260
zmax	ok	9	0.000075
zmax	ok	7	0.000058
zmax	ok	14	0.000095
zmax	ok	2	0.000035
zmax	exhausted	183	0.000962
zmax	ok	17	0.000115
plain	ok	7	0.000079
zmax	ok	12	0.000086
zmax	ok	5	0.000056
zmax	ok	1	0.000030
zmax	ok	1	0.000046
zmax	ok	13	0.000100
zmax	exhausted	1	0.000022
zmax	ok	8	0.000067
plain	ok	18	0.000136
zmax	ok	13	0.000087
zmax	exhausted	1	0.000021
plain	ok	26	0.000185
zmax	ok	13	0.000091
zmax	ok	9	0.000066
zmax	exhausted	1	0.000021
plain	ok	29	0.000206
zmax	ok	4	0.000042
zmax	exhausted	2	0.000026
plain	ok	38	0.000257
zmax	exhausted	265	0.001480
zmax	ok	43	0.000262
zmax	ok	4	0.000042
zmax	exhausted	1	0.000021
plain	ok	27	0.000191
zmax	exhausted	266	0.001459
plain	timeout	15553	0.100106
zmax	ok	12	0.000102
zmax	exhausted	1	0.000030
plain	ok	28	0.000200
zmax	exhausted	1	0.000021
plain	exhausted	1	0.000020
zmax	ok	2	0.000032
zmax	ok	19	0.000119
zmax	exhausted	1	0.000021
plain	ok	16	0.000117
plain	timeout	15617	0.100060
zmax	ok	5	0.000080
zmax	ok	16	0.000107
zmax	exhausted	1	0.000022
plain	ok	22	0.000172
zmax	exhausted	267	0.001507
zmax	ok	13	0.000099
zmax	exhausted	1	0.000026
plain	ok	31	0.000221
zmax	exhausted	264	0.001410
plain	timeout	15487	0.100093
zmax	ok	8	0.000073
zmax	ok	12	0.000083
zmax	ok	68	0.000349
plain	timeout	15319	0.100045
zmax	exhausted	186	0.000914
plain	ok	14	0.000100
zmax	ok	13	0.000098
zmax	ok	8	0.000064
zmax	ok	9	0.000068
zmax	ok	12	0.000080
zmax	exhausted	1	0.000030
plain	ok	29	0.000211
zmax	ok	68	0.000351
zmax	ok	5	0.000055
zmax	ok	74	0.000438
zmax	exhausted	186	0.000988
zmax	ok	97	0.000552
plain	ok	14	0.000101
zmax	ok	1	0.000031
zmax	ok	1	0.000030
zmax	ok	39	0.000227
zmax	ok	5	0.000055
zmax	ok	15	0.000110
zmax	ok	39	0.000228
zmax	ok	52	0.000292
zmax	ok	50	0.000284
zmax	ok	2	0.000033
zmax	exhausted	243	0.001248
zmax	ok	105	0.000595
zmax	ok	106	0.000589
zmax	exhausted	225	0.001192
plain	timeout	15487	0.100087
zmax	ok	5	0.000061
zmax	ok	19	0.000128
zmax	ok	59	0.000311
zmax	exhausted	1	0.000023
plain	exhausted	1	0.000021
zmax	ok	2	0.000032
plain	timeout	15148	0.100047
zmax	exhausted	246	0.001353
zmax	ok	15	0.000120
zmax	ok	31	0.000192
zmax	exhausted	1	0.000022
plain	exhausted	1	0.000021
zmax	ok	9	0.000079
zmax	ok	54	0.000312
zmax	ok	68	0.000383
zmax	ok	46	0.000259
zmax	ok	5	0.000056
zmax	ok	74	0.000434
zmax	ok	97	0.000565
zmax	ok	39	0.000226
zmax	ok	1	0.000032
zmax	ok	1	0.000031
zmax	ok	1	0.000027
zmax	ok	1	0.000027
zmax	ok	1	0.000030
zmax	ok	1	0.000048
zmax	ok	4	0.000041
zmax	ok	2	0.000033
zmax	ok	2	0.000028
zmax	ok	2	0.000030
zmax	ok	2	0.000029
zmax	ok	2	0.000029
zmax	ok	2	0.000026
zmax	ok	2	0.000028
zmax	ok	2	0.000029
zmax	ok	2	0.000028
zmax	ok	2	0.000029
zmax	ok	2	0.000029
zmax	ok	2	0.000030
zmax	ok	2	0.000028
zmax	ok	2	0.000029
zmax	ok	2	0.000026
zmax	ok	1	0.000031
zmax	ok	5	0.000055
zmax	ok	19	0.000131
zmax	exhausted	213	0.001113
plain	ok	27	0.000192
zmax	ok	5	0.000054
zmax	ok	5	0.000053
zmax	exhausted	217	0.001139
plain	ok	37	0.000256
zmax	ok	2	0.000036
zmax	ok	17	0.000118
zmax	ok	12	0.000083
zmax	ok	9	0.000079
zmax	ok	7	0.000059
zmax	ok	14	0.000093
zmax	ok	2	0.000037
zmax	ok	23	0.000153
zmax	ok	8	0.000060
zmax	ok	9	0.000074
zmax	ok	7	0.000058
zmax	ok	14	0.000095
zmax	ok	2	0.000034
zmax	ok	17	0.000114
zmax	ok	12	0.000082
zmax	ok	1	0.000029
zmax	ok	1	0.000028
zmax	ok	4	0.000043
zmax	exhausted	2	0.000030
plain	ok	38	0.000269
zmax	ok	43	0.000275
zmax	ok	13	0.000090
zmax	exhausted	1	0.000021
plain	ok	31	0.000213
zmax	exhausted	264	0.001412
plain	timeout	15489	0.100085
zmax	ok	5	0.000062
zmax	ok	8	0.000066
zmax	ok	33	0.000175
zmax	exhausted	222	0.001113
plain	timeout	15292	0.100049
zmax	ok	8	0.000075
zmax	ok	13	0.000094
zmax	exhausted	1	0.000022
plain	ok	26	0.000183
zmax	ok	4	0.000043
zmax	exhausted	1	0.000021
plain	ok	27	0.000195
zmax	exhausted	266	0.001431
plain	timeout	15512	0.100083
zmax	ok	6	0.000066
zmax	ok	13	0.000093
zmax	ok	50	0.000316
zmax	ok	1	0.000024
zmax	ok	2	0.000035
zmax	ok	15	0.000106
zmax	ok	50	0.000260
zmax	ok	3	0.000038
zmax	ok	6	0.000057
zmax	ok	13	0.000088
zmax	ok	50	0.000278
zmax	ok	1	0.000022
zmax	ok	1	0.000030
zmax	ok	1	0.000028
zmax	ok	1	0.000030
zmax	ok	1	0.000028
zmax	exhausted	1	0.000027
plain	exhausted	1	0.000020
zmax	ok	8	0.000068
zmax	ok	16	0.000099
zmax	ok	1	0.000030
zmax	ok	1	0.000028
zmax	ok	1	0.000029
zmax	ok	1	0.000028
zmax	ok	12	0.000087
zmax	ok	9	0.000065
zmax	ok	67	0.000339
zmax	exhausted	183	0.000984
plain	ok	7	0.000063
zmax	ok	5	0.000048
zmax	ok	13	0.000083
zmax	exhausted	1	0.000021
plain	ok	18	0.000125
zmax	exhausted	265	0.001346
plain	timeout	15344	0.100050
zmax	ok	5	0.000060
zmax	ok	16	0.000104
zmax	exhausted	1	0.000021
plain	ok	22	0.000166
zmax	ok	2	0.000035
zmax	ok	27	0.000160
zmax	exhausted	1	0.000025
plain	ok	13	0.000104
zmax	ok	5	0.000052
zmax	ok	16	0.000100
zmax	exhausted	1	0.000020
plain	ok	22	0.000162
zmax	ok	5	0.000053
zmax	ok	33	0.000211
zmax	ok	24	0.000158
zmax	ok	8	0.000072
zmax	ok	15	0.000109
zmax	ok	24	0.000158
zmax	ok	10	0.000084
zmax	ok	108	0.000601
zmax	ok	2	0.000033
zmax	ok	37	0.000237
zmax	ok	23	0.000145
zmax	ok	17	0.000120
zmax	ok	13	0.000093
zmax	exhausted	1	0.000020
plain	exhausted	1	0.000020
zmax	ok	9	0.000076
zmax	ok	28	0.000179
zmax	ok	22	0.000140
zmax	ok	135	0.000733
zmax	ok	5	0.000054
zmax	ok	33	0.000211
zmax	ok	24	0.000158
zmax	ok	8	0.000070
zmax	ok	1	0.000030
zmax	ok	1	0.000029
zmax	ok	1	0.000027
zmax	ok	1	0.000026
zmax	ok	1	0.000029
zmax	ok	1	0.000035
zmax	ok	4	0.000036
zmax	ok	2	0.000028
zmax	ok	2	0.000029
zmax	ok	2	0.000026
zmax	ok	2	0.000027
zmax	ok	2	0.000026
zmax	ok	2	0.000027
zmax	ok	2	0.000035
zmax	ok	2	0.000025
zmax	ok	2	0.000027
zmax	ok	2	0.000026
zmax	ok	2	0.000027
zmax	ok	2	0.000029
zmax	ok	2	0.000029
zmax	ok	2	0.000028
zmax	ok	2	0.000028
zmax	ok	9	0.000082
zmax	ok	7	0.000060
zmax	ok	14	0.000093
zmax	ok	1	0.000029
zmax	ok	1	0.000027
zmax	ok	5	0.000050
zmax	ok	16	0.000102
zmax	exhausted	1	0.000022
plain	ok	21	0.000156
zmax	ok	13	0.000089
zmax	ok	9	0.000065
zmax	exhausted	1	0.000020
plain	ok	27	0.000190
zmax	ok	2	0.000031
zmax	ok	22	0.000144
zmax	exhausted	1	0.000021
plain	ok	12	0.000096
zmax	ok	13	0.000087
zmax	exhausted	1	0.000020
plain	ok	31	0.000218
zmax	exhausted	262	0.001378
plain	timeout	15778	0.100086
zmax	ok	12	0.000091
zmax	exhausted	1	0.000023
plain	ok	28	0.000193
zmax	exhausted	1	0.000021
plain	exhausted	1	0.000019
zmax	ok	2	0.000032
zmax	ok	19	0.000115
zmax	exhausted	1	0.000020
plain	ok	16	0.000126
zmax	exhausted	267	0.001404
plain	timeout	15545	0.100063
zmax	ok	8	0.000086
zmax	ok	13	0.000091
zmax	exhausted	1	0.000022
plain	ok	24	0.000167
zmax	ok	5	0.000050
zmax	ok	16	0.000101
zmax	exhausted	1	0.000026
plain	ok	21	0.000157
zmax	ok	5	0.000057
zmax	ok	34	0.000215
zmax	ok	24	0.000158
zmax	ok	8	0.000070
zmax	ok	15	0.000110
zmax	ok	25	0.000168
zmax	ok	10	0.000073
zmax	ok	101	0.000562
zmax	ok	2	0.000033
zmax	ok	38	0.000240
zmax	ok	23	0.000145
zmax	ok	17	0.000118
zmax	ok	14	0.000100
zmax	exhausted	1	0.000020
plain	exhausted	1	0.000019
zmax	ok	9	0.000075
zmax	ok	29	0.000185
zmax	ok	22	0.000137
zmax	ok	126	0.000674
zmax	ok	5	0.000052
zmax	ok	34	0.000211
zmax	ok	24	0.000155
zmax	ok	8	0.000069
zmax	ok	1	0.000029
zmax	ok	1	0.000028
zmax	ok	1	0.000036
zmax	ok	1	0.000027
zmax	ok	1	0.000029
zmax	ok	1	0.000027
zmax	ok	9	0.000054
zmax	ok	2	0.000050
zmax	ok	2	0.000027
zmax	ok	2	0.000028
zmax	ok	2	0.000026
zmax	ok	2	0.000026
zmax	ok	2	0.000025
zmax	ok	2	0.000027
zmax	ok	2	0.000026
zmax	ok	2	0.000026
zmax	ok	2	0.000026
zmax	ok	2	0.000028
zmax	ok	2	0.000029
zmax	ok	2	0.000029
zmax	ok	2	0.000027
zmax	ok	2	0.000028
zmax	ok	1	0.000029
zmax	ok	5	0.000053
zmax	ok	16	0.000101
zmax	exhausted	1	0.000022
plain	ok	21	0.000151
zmax	ok	13	0.000087
zmax	ok	9	0.000066
zmax	exhausted	1	0.000020
plain	ok	27	0.000190
zmax	ok	2	0.000032
zmax	ok	22	0.000136
zmax	exhausted	1	0.000021
plain	ok	12	0.000093
zmax	ok	13	0.000087
zmax	exhausted	1	0.000021
plain	ok	31	0.000213
zmax	exhausted	262	0.001394
plain	timeout	15758	0.100091
zmax	ok	8	0.000072
zmax	ok	12	0.000081
zmax	ok	68	0.000345
zmax	exhausted	186	0.000903
plain	ok	14	0.000098
zmax	ok	8	0.000062
zmax	ok	12	0.000079
zmax	ok	68	0.000436
zmax	exhausted	186	0.000888
plain	ok	14	0.000096
zmax	ok	1	0.000031
zmax	ok	1	0.000029
zmax	ok	2	0.000033
zmax	exhausted	246	0.001255
plain	timeout	15558	0.100063
zmax	ok	8	0.000073
zmax	ok	13	0.000088
zmax	exhausted	1	0.000021
plain	ok	24	0.000168
zmax	ok	5	0.000052
zmax	ok	16	0.000100
zmax	exhausted	1	0.000020
plain	ok	21	0.000156
zmax	ok	5	0.000054
zmax	ok	34	0.000213
zmax	ok	24	0.000159
zmax	ok	8	0.000070
zmax	ok	15	0.000107
zmax	ok	25	0.000161
zmax	ok	10	0.000073
zmax	ok	101	0.000573
zmax	ok	2	0.000034
zmax	ok	38	0.000238
zmax	ok	23	0.000141
zmax	ok	17	0.000116
zmax	ok	14	0.000099
zmax	exhausted	1	0.000020
plain	exhausted	1	0.000019
zmax	ok	9	0.000074
zmax	ok	29	0.000184
zmax	ok	22	0.000140
zmax	ok	126	0.000676
zmax	ok	5	0.000051
zmax	ok	34	0.000212
zmax	ok	24	0.000154
zmax	ok	8	0.000069
zmax	ok	1	0.000031
zmax	ok	1	0.000029
zmax	ok	1	0.000028
zmax	ok	1	0.000026
zmax	ok	1	0.000028
zmax	ok	1	0.000028
zmax	ok	9	0.000052
zmax	ok	2	0.000027
zmax	ok	2	0.000026
zmax	ok	2	0.000026
zmax	ok	2	0.000027
zmax	ok	2	0.000042
zmax	ok	2	0.000024
zmax	ok	2	0.000027
zmax	ok	2	0.000026
zmax	ok	2	0.000026
zmax	ok	2	0.000027
zmax	ok	2	0.000037
zmax	ok	2	0.000030
zmax	ok	2	0.000028
zmax	ok	2	0.000028
zmax	ok	2	0.000028
zmax	ok	5	0.000052
zmax	ok	16	0.000101
zmax	exhausted	1	0.000021
plain	ok	21	0.000156
zmax	ok	5	0.000056
zmax	ok	34	0.000216
zmax	ok	24	0.000157
zmax	ok	8	0.000070
zmax	ok	15	0.000111
zmax	ok	25	0.000158
zmax	ok	10	0.000071
zmax	ok	101	0.000549
zmax	ok	2	0.000033
zmax	ok	38	0.000240
zmax	ok	23	0.000145
zmax	ok	17	0.000118
zmax	ok	14	0.000098
zmax	exhausted	1	0.000020
plain	exhausted	1	0.000020
zmax	ok	9	0.000081
zmax	ok	29	0.000188
zmax	ok	22	0.000137
zmax	ok	126	0.000679
zmax	ok	5	0.000052
zmax	ok	34	0.000212
zmax	ok	24	0.000156
zmax	ok	8	0.000069
zmax	ok	1	0.000030
zmax	ok	1	0.000028
zmax	ok	1	0.000027
zmax	ok	1	0.000027
zmax	ok	1	0.000028
zmax	ok	1	0.000028
zmax	ok	9	0.000054
zmax	ok	2	0.000028
zmax	ok	2	0.000028
zmax	ok	2	0.000027
zmax	ok	2	0.000028
zmax	ok	2	0.000026
zmax	ok	2	0.000026
zmax	ok	2	0.000027
zmax	ok	2	0.000026
zmax	ok	2	0.000025
zmax	ok	2	0.000026
zmax	ok	2	0.000028
zmax	ok	2	0.000029
zmax	ok	2	0.000027
zmax	ok	2	0.000027
zmax	ok	2	0.000028
zmax	ok	5	0.000053
zmax	ok	34	0.000217
zmax	ok	24	0.000168
zmax	ok	8	0.000071
zmax	ok	1	0.000051
zmax	ok	1	0.000028
zmax	ok	1	0.000026
zmax	ok	1	0.000027
zmax	ok	1	0.000028
zmax	ok	1	0.000028
zmax	ok	9	0.000054
zmax	ok	2	0.000029
zmax	ok	2	0.000026
zmax	ok	2	0.000027
zmax	ok	2	0.000028
zmax	ok	2	0.000027
zmax	ok	2	0.000026
zmax	ok	2	0.000027
zmax	ok	2	0.000025
zmax	ok	2	0.000025
zmax	ok	2	0.000027
zmax	ok	2	0.000027
zmax	ok	2	0.000029
zmax	ok	2	0.000028
zmax	ok	2	0.000027
zmax	ok	2	0.000028
zmax	ok	1	0.000029
zmax	ok	1	0.000027
zmax	ok	1	0.000026
zmax	ok	1	0.000029
zmax	ok	1	0.000027
zmax	ok	9	0.000053
zmax	ok	2	0.000028
zmax	ok	2	0.000027
zmax	ok	2	0.000027
zmax	ok	2	0.000027
zmax	ok	2	0.000026
zmax	ok	2	0.000025
zmax	ok	2	0.000026
zmax	ok	2	0.000025
zmax	ok	2	0.000025
zmax	ok	2	0.000027
zmax	ok	2	0.000029
zmax	ok	2	0.000029
zmax	ok	2	0.000028
zmax	ok	2	0.000026
zmax	ok	2	0.000031
zmax	ok	1	0.000027
zmax	ok	1	0.000029
zmax	ok	1	0.000028
zmax	ok	9	0.000053
zmax	ok	2	0.000028
zmax	ok	2	0.000027
zmax	ok	2	0.000033
zmax	ok	2	0.000026
zmax	ok	2	0.000026
zmax	ok	2	0.000025
zmax	ok	2	0.000027
zmax	ok	2	0.000026
zmax	ok	2	0.000026
zmax	ok	2	0.000026
zmax	ok	2	0.000026
zmax	ok	2	0.000030
zmax	ok	2	0.000028
zmax	ok	2	0.000027
zmax	ok	2	0.000028
zmax	ok	1	0.000029
zmax	ok	9	0.000052
zmax	ok	2	0.000028
zmax	ok	2	0.000026
zmax	ok	2	0.000026
zmax	ok	2	0.000027
zmax	ok	2	0.000026
zmax	ok	2	0.000026
zmax	ok	2	0.000026
zmax	ok	2	0.000026
zmax	ok	2	0.000024
zmax	ok	2	0.000026
zmax	ok	2	0.000028
zmax	ok	2	0.000029
zmax	ok	2	0.000028
zmax	ok	2	0.000027
zmax	ok	2	0.000029
plain	timeout	15552	0.100085
zmax	ok	10	0.000094
zmax	exhausted	244	0.001344
plain	timeout	15838	0.100081
zmax	ok	5	0.000059
zmax	ok	19	0.000125
zmax	ok	59	0.000306
zmax	exhausted	1	0.000022
plain	exhausted	1	0.000028
zmax	ok	5	0.000053
zmax	exhausted	243	0.001238
plain	timeout	15768	0.100084
zmax	ok	2	0.000048
zmax	ok	15	0.000111
zmax	ok	50	0.000262
zmax	ok	3	0.000039
zmax	ok	5	0.000054
zmax	ok	8	0.000064
zmax	ok	33	0.000172
zmax	exhausted	222	0.001121
plain	timeout	15690	0.100084
zmax	ok	2	0.000045
zmax	ok	15	0.000110
zmax	ok	50	0.000262
zmax	ok	3	0.000038
zmax	ok	1	0.000031
zmax	ok	1	0.000029
zmax	ok	1	0.000029
zmax	ok	1	0.000028
zmax	ok	22	0.000144
zmax	ok	2	0.000031
zmax	ok	2	0.000027
zmax	ok	2	0.000028
zmax	ok	2	0.000025
zmax	ok	2	0.000026
zmax	ok	2	0.000047
zmax	ok	2	0.000027
zmax	ok	2	0.000032
zmax	ok	2	0.000028
zmax	ok	2	0.000026
zmax	ok	2	0.000026
zmax	ok	2	0.000029
zmax	ok	2	0.000030
zmax	ok	2	0.000028
zmax	ok	2	0.000028
zmax	ok	1	0.000031
zmax	ok	1	0.000030
zmax	ok	1	0.000028
zmax	ok	12	0.000084
zmax	ok	9	0.000065
zmax	ok	67	0.000355
zmax	exhausted	183	0.000914
plain	ok	7	0.000065
zmax	ok	5	0.000049
zmax	ok	13	0.000085
zmax	exhausted	1	0.000021
plain	ok	18	0.000128
zmax	exhausted	265	0.001474
plain	timeout	15639	0.100078
zmax	ok	12	0.000091
zmax	exhausted	1	0.000023
plain	ok	28	0.000194
zmax	exhausted	1	0.000020
plain	exhausted	1	0.000019
zmax	ok	2	0.000031
zmax	ok	19	0.000115
zmax	exhausted	1	0.000020
plain	ok	16	0.000116
zmax	exhausted	267	0.001460
plain	timeout	15709	0.100083
zmax	ok	8	0.000076
zmax	ok	12	0.000082
zmax	ok	68	0.000349
zmax	exhausted	186	0.000904
plain	ok	14	0.000099
zmax	ok	8	0.000064
zmax	ok	12	0.000081
zmax	ok	68	0.000347
zmax	exhausted	186	0.000916
plain	ok	14	0.000135
zmax	ok	1	0.000041
zmax	ok	1	0.000031
zmax	ok	6	0.000060
zmax	ok	13	0.000091
zmax	ok	50	0.000261
zmax	ok	1	0.000029
zmax	ok	2	0.000042
zmax	ok	15	0.000109
zmax	ok	50	0.000261
zmax	ok	3	0.000039
zmax	ok	5	0.000058
zmax	exhausted	243	0.001251
plain	timeout	15546	0.100084
zmax	ok	5	0.000070
zmax	ok	8	0.000068
zmax	ok	33	0.000191
zmax	exhausted	222	0.001164
plain	timeout	15494	0.100089
zmax	ok	5	0.000063
zmax	ok	19	0.000125
zmax	ok	59	0.000314
zmax	exhausted	1	0.000022
plain	exhausted	1	0.000020
zmax	ok	2	0.000032
zmax	exhausted	246	0.001268
plain	timeout	15514	0.100080
zmax	ok	6	0.000068
zmax	ok	13	0.000094
zmax	ok	50	0.000267
zmax	ok	1	0.000024
zmax	ok	1	0.000030
zmax	ok	1	0.000028
zmax	ok	1	0.000031
zmax	ok	1	0.000029
zmax	exhausted	1	0.000024
plain	exhausted	1	0.000020
zmax	ok	1	0.000035
zmax	ok	12	0.000089
zmax	ok	9	0.000072
zmax	ok	67	0.000351
zmax	exhausted	183	0.000901
plain	ok	7	0.000063
zmax	ok	5	0.000050
zmax	ok	13	0.000085
zmax	exhausted	1	0.000021
plain	ok	18	0.000127
zmax	exhausted	265	0.001437
plain	timeout	15729	0.100081
zmax	ok	12	0.000093
zmax	exhausted	1	0.000023
plain	ok	28	0.000194
zmax	exhausted	1	0.000021
plain	exhausted	1	0.000019
zmax	ok	2	0.000032
zmax	ok	19	0.000116
zmax	exhausted	1	0.000020
plain	ok	16	0.000117
zmax	exhausted	267	0.001499
plain	timeout	15600	0.100080
zmax	ok	8	0.000074
zmax	ok	12	0.000083
zmax	ok	68	0.000350
zmax	exhausted	186	0.000916
plain	ok	14	0.000100
zmax	ok	8	0.000064
zmax	ok	12	0.000080
zmax	ok	68	0.000343
zmax	exhausted	186	0.000990
plain	ok	14	0.000101
zmax	ok	1	0.000031
zmax	ok	1	0.000029
zmax	ok	5	0.000054
zmax	ok	19	0.000124
zmax	ok	59	0.000307
zmax	exhausted	1	0.000021
plain	exhausted	1	0.000029
zmax	ok	2	0.000038
zmax	ok	15	0.000109
zmax	ok	50	0.000269
zmax	ok	3	0.000038
zmax	ok	10	0.000084
zmax	exhausted	244	0.001251
plain	timeout	15450	0.100081
zmax	ok	5	0.000081
zmax	exhausted	243	0.001264
plain	timeout	15563	0.100074
zmax	ok	5	0.000062
zmax	ok	8	0.000067
zmax	ok	33	0.000177
zmax	exhausted	222	0.001132
plain	timeout	15458	0.100075
zmax	ok	6	0.000092
zmax	ok	13	0.000096
zmax	ok	50	0.000281
zmax	ok	1	0.000025
zmax	ok	2	0.000046
zmax	ok	15	0.000109
zmax	ok	50	0.000262
zmax	ok	3	0.000038
zmax	ok	1	0.000030
zmax	ok	1	0.000029
zmax	ok	1	0.000028
zmax	ok	1	0.000028
zmax	ok	22	0.000105
zmax	ok	2	0.000031
zmax	ok	2	0.000028
zmax	ok	2	0.000027
zmax	ok	2	0.000026
zmax	ok	2	0.000026
zmax	ok	2	0.000027
zmax	ok	2	0.000027
zmax	ok	2	0.000026
zmax	ok	2	0.000027
zmax	ok	2	0.000027
zmax	ok	2	0.000026
zmax	ok	2	0.000030
zmax	ok	2	0.000030
zmax	ok	2	0.000028
zmax	ok	2	0.000027
zmax	ok	1	0.000077
zmax	ok	1	0.000037
zmax	ok	1	0.000033
zmax	ok	1	0.000032
zmax	ok	1	0.000030
zmax	ok	1	0.000030
zmax	ok	1	0.000032
zmax	ok	1	0.000031
zmax	ok	1	0.000030
zmax	ok	1	0.000031
zmax	ok	1	0.000026
zmax	ok	1	0.000040
zmax	ok	1	0.000029
zmax	ok	1	0.000031
zmax	ok	1	0.000029
zmax	ok	1	0.000030
zmax	ok	1	0.000029
zmax	ok	1	0.000030
zmax	ok	1	0.000032
zmax	ok	1	0.000031
zmax	ok	2	0.000108
zmax	ok	5	0.000132
zmax	ok	5	0.000062
zmax	ok	17	0.000131
zmax	ok	1	0.000040
zmax	ok	5	0.000073
zmax	ok	1	0.000037
zmax	ok	16	0.000109
zmax	ok	2	0.000160
zmax	ok	12	0.000092
zmax	ok	8	0.000079
zmax	exhausted	1	0.000031
zmax	ok	13	0.000091
plain	ok	7	0.000071
zmax	ok	13	0.000093
zmax	ok	9	0.000072
zmax	ok	9	0.000068
zmax	ok	2	0.000033
zmax	ok	27	0.000168
zmax	exhausted	1	0.000021
plain	ok	6	0.000058
zmax	ok	27	0.000169
zmax	ok	5	0.000047
zmax	ok	4	0.000042
zmax	ok	18	0.000134
zmax	exhausted	1	0.000022
zmax	ok	30	0.000205
plain	ok	4	0.000046
zmax	ok	4	0.000042
zmax	ok	13	0.000090
zmax	exhausted	1	0.000020
zmax	exhausted	1	0.000021
plain	ok	8	0.000067
zmax	ok	5	0.000049
plain	ok	31	0.000224
zmax	ok	5	0.000046
zmax	ok	5	0.000054
zmax	ok	16	0.000101
zmax	ok	1	0.000032
zmax	ok	1	0.000030
zmax	ok	1	0.000032
zmax	ok	1	0.000028
zmax	ok	1	0.000028
zmax	exhausted	216	0.001142
plain	ok	13	0.000104
zmax	ok	4	0.000042
zmax	ok	149	0.000840
zmax	ok	37	0.000223
zmax	ok	5	0.000050
zmax	ok	2	0.000033
zmax	ok	12	0.000085
zmax	exhausted	1	0.000021
plain	ok	7	0.000069
zmax	ok	1	0.000032
zmax	ok	1	0.000033
zmax	ok	9	0.000080
zmax	exhausted	258	0.001431
zmax	exhausted	275	0.001518
plain	timeout	15305	0.100101
zmax	ok	2	0.000046
zmax	exhausted	1	0.000025
plain	ok	31	0.000193
zmax	exhausted	1	0.000022
plain	exhausted	1	0.000020
zmax	ok	6	0.000051
plain	timeout	15249	0.100054
zmax	ok	20	0.000151
zmax	ok	146	0.000726
zmax	exhausted	272	0.001465
zmax	exhausted	253	0.001267
plain	timeout	15674	0.100092
plain	timeout	15934	0.100052
zmax	ok	3	0.000047
zmax	ok	18	0.000139
zmax	ok	147	0.000789
zmax	exhausted	272	0.001470
zmax	exhausted	256	0.001315
plain	timeout	15741	0.100081
zmax	ok	5	0.000061
plain	timeout	15846	0.100067
zmax	ok	5	0.000056
zmax	ok	33	0.000190
zmax	exhausted	1	0.000022
plain	exhausted	1	0.000020
zmax	ok	4	0.000045
zmax	exhausted	275	0.001457
zmax	ok	135	0.000690
zmax	exhausted	177	0.000896
plain	timeout	15709	0.100105
zmax	ok	28	0.000194
plain	timeout	15851	0.100063
zmax	ok	5	0.000060
zmax	ok	8	0.000066
zmax	ok	22	0.000135
zmax	exhausted	273	0.001449
zmax	ok	14	0.000091
zmax	ok	36	0.000203
zmax	ok	36	0.000196
zmax	ok	5	0.000049
zmax	ok	19	0.000114
zmax	ok	36	0.000199
zmax	ok	19	0.000113
zmax	ok	16	0.000098
zmax	ok	9	0.000061
zmax	ok	2	0.000030
zmax	ok	25	0.000151
zmax	ok	22	0.000129
zmax	ok	14	0.000088
zmax	ok	1	0.000029
zmax	ok	1	0.000029
zmax	ok	1	0.000028
zmax	ok	1	0.000027
zmax	ok	1	0.000027
zmax	ok	138	0.000759
zmax	exhausted	1	0.000022
plain	timeout	15807	0.100074
zmax	ok	10	0.000093
zmax	exhausted	274	0.001428
plain	timeout	15762	0.100051
zmax	ok	2	0.000040
zmax	ok	42	0.000229
zmax	exhausted	1	0.000022
plain	exhausted	1	0.000020
zmax	ok	2	0.000033
zmax	exhausted	1	0.000022
plain	ok	33	0.000208
zmax	exhausted	1	0.000021
plain	exhausted	1	0.000019
zmax	ok	5	0.000047
zmax	ok	137	0.000685
zmax	exhausted	178	0.000861
plain	timeout	16093	0.100082
zmax	ok	5	0.000061
zmax	ok	26	0.000174
zmax	ok	1	0.000034
zmax	ok	1	0.000032
zmax	ok	5	0.000053
zmax	ok	8	0.000063
zmax	exhausted	212	0.001049
plain	ok	5	0.000053
zmax	ok	2	0.000035
zmax	ok	24	0.000148
zmax	ok	5	0.000045
zmax	ok	12	0.000085
zmax	exhausted	1	0.000021
plain	ok	54	0.000335
zmax	ok	1	0.000023
zmax	ok	8	0.000064
zmax	ok	24	0.000143
zmax	ok	3	0.000032
zmax	ok	12	0.000082
zmax	ok	29	0.000169
zmax	exhausted	1	0.000020
plain	ok	4	0.000044
plain	timeout	15808	0.100046
zmax	ok	5	0.000050
zmax	ok	19	0.000118
zmax	ok	2	0.000033
zmax	ok	2	0.000040
zmax	ok	24	0.000143
zmax	ok	5	0.000044
zmax	ok	1	0.000053
zmax	ok	49	0.000317
zmax	ok	1	0.000029
zmax	exhausted	1	0.000027
plain	exhausted	1	0.000026
zmax	ok	8	0.000065
zmax	ok	5	0.000046
zmax	ok	13	0.000085
zmax	exhausted	1	0.000020
zmax	ok	36	0.000205
zmax	exhausted	1	0.000021
plain	ok	21	0.000149
plain	exhausted	1	0.000021
zmax	ok	1	0.000029
zmax	ok	5	0.000048
zmax	ok	8	0.000071
zmax	ok	36	0.000193
zmax	exhausted	1	0.000021
zmax	ok	19	0.000116
plain	ok	8	0.000072
zmax	ok	10	0.000068
zmax	ok	12	0.000081
zmax	ok	8	0.000064
zmax	exhausted	1	0.000020
zmax	ok	15	0.000095
zmax	ok	5	0.000050
plain	ok	28	0.000193
zmax	ok	18	0.000107
zmax	ok	12	0.000080
zmax	ok	7	0.000054
zmax	ok	15	0.000093
zmax	ok	9	0.000061
zmax	ok	4	0.000042
zmax	ok	36	0.000193
zmax	ok	19	0.000112
zmax	ok	10	0.000066
zmax	ok	1	0.000029
zmax	ok	1	0.000029
zmax	exhausted	263	0.001340
zmax	ok	1	0.000028
zmax	ok	1	0.000028
zmax	ok	1	0.000026
zmax	ok	146	0.000735
zmax	exhausted	257	0.001369
plain	timeout	15982	0.100075
zmax	ok	5	0.000056
zmax	ok	14	0.000094
zmax	exhausted	1	0.000026
plain	ok	25	0.000173
zmax	ok	6	0.000063
zmax	ok	35	0.000184
zmax	ok	7	0.000062
zmax	ok	2	0.000034
zmax	ok	27	0.000154
zmax	exhausted	1	0.000021
plain	ok	16	0.000118
zmax	ok	5	0.000049
zmax	ok	36	0.000191
zmax	exhausted	1	0.000021
plain	ok	8	0.000072
plain	timeout	15847	0.100048
zmax	ok	18	0.000126
zmax	ok	13	0.000094
zmax	ok	5	0.000055
zmax	ok	135	0.000700
zmax	exhausted	241	0.001222
zmax	exhausted	181	0.000878
plain	timeout	15915	0.100087
zmax	ok	5	0.000060
plain	timeout	15791	0.100052
zmax	ok	42	0.000243
zmax	ok	2	0.000040
zmax	ok	50	0.000336
zmax	exhausted	1	0.000022
plain	exhausted	1	0.000020
zmax	ok	2	0.000033
zmax	exhausted	1	0.000022
plain	ok	31	0.000190
zmax	exhausted	1	0.000021
plain	exhausted	1	0.000019
zmax	ok	5	0.000045
zmax	exhausted	236	0.001210
zmax	ok	31	0.000180
zmax	exhausted	1	0.000021
plain	exhausted	1	0.000020
zmax	ok	2	0.000030
zmax	ok	37	0.000201
zmax	exhausted	1	0.000020
plain	exhausted	1	0.000020
zmax	ok	1	0.000057
zmax	ok	1	0.000027
zmax	ok	5	0.000054
zmax	ok	19	0.000121
zmax	ok	17	0.000113
zmax	ok	11	0.000077
zmax	ok	2	0.000033
zmax	ok	40	0.000232
zmax	ok	8	0.000067
zmax	ok	19	0.000119
zmax	ok	5	0.000049
zmax	ok	44	0.000250
zmax	ok	8	0.000067
zmax	ok	16	0.000100
zmax	ok	5	0.000052
zmax	ok	19	0.000136
zmax	ok	1	0.000039
zmax	ok	1	0.000030
zmax	ok	1	0.000028
zmax	ok	1	0.000027
zmax	ok	1	0.000029
zmax	ok	148	0.000770
zmax	exhausted	196	0.000958
plain	timeout	15867	0.100076
zmax	ok	2	0.000044
zmax	ok	42	0.000253
zmax	exhausted	243	0.001217
plain	timeout	15813	0.100049
zmax	ok	6	0.000063
zmax	ok	142	0.000738
zmax	exhausted	1	0.000022
plain	timeout	15918	0.100085
zmax	ok	18	0.000137
zmax	ok	12	0.000090
zmax	exhausted	241	0.001229
plain	timeout	15966	0.100049
zmax	ok	6	0.000082
zmax	ok	40	0.000237
zmax	ok	33	0.000200
zmax	ok	46	0.000288
zmax	ok	5	0.000053
zmax	ok	154	0.000776
zmax	exhausted	198	0.000952
plain	timeout	15764	0.100093
zmax	ok	26	0.000180
zmax	ok	19	0.000129
zmax	exhausted	241	0.001184
plain	timeout	15871	0.100044
zmax	ok	2	0.000042
zmax	ok	51	0.000297
zmax	ok	60	0.000432
zmax	exhausted	261	0.001359
plain	timeout	15835	0.100084
zmax	ok	5	0.000063
zmax	ok	22	0.000157
zmax	exhausted	241	0.001227
plain	timeout	15746	0.100048
zmax	ok	3	0.000050
zmax	ok	139	0.000717
zmax	exhausted	1	0.000021
plain	timeout	15649	0.100076
zmax	ok	1	0.000038
zmax	ok	8	0.000078
zmax	ok	1	0.000033
zmax	ok	1	0.000029
zmax	ok	5	0.000052
zmax	ok	5	0.000049
zmax	exhausted	218	0.001108
plain	ok	31	0.000200
zmax	ok	2	0.000036
zmax	ok	17	0.000120
zmax	exhausted	1	0.000021
plain	exhausted	1	0.000019
zmax	ok	5	0.000049
zmax	ok	8	0.000062
zmax	exhausted	1	0.000021
plain	exhausted	1	0.000019
zmax	ok	9	0.000075
zmax	ok	34	0.000200
zmax	exhausted	1	0.000020
plain	exhausted	1	0.000019
zmax	ok	5	0.000049
zmax	ok	19	0.000122
zmax	exhausted	214	0.001090
plain	ok	12	0.000092
zmax	ok	5	0.000052
zmax	ok	8	0.000078
zmax	exhausted	1	0.000021
plain	exhausted	1	0.000019
zmax	ok	5	0.000048
zmax	ok	5	0.000046
plain	timeout	15885	0.100048
zmax	ok	6	0.000067
zmax	ok	40	0.000238
zmax	exhausted	218	0.001121
zmax	ok	33	0.000227
plain	ok	31	0.000208
zmax	ok	1	0.000033
zmax	ok	46	0.000323
zmax	ok	1	0.000030
zmax	ok	1	0.000033
zmax	ok	1	0.000031
zmax	ok	20	0.000145
zmax	ok	5	0.000057
zmax	ok	38	0.000230
zmax	ok	11	0.000083
zmax	ok	13	0.000086
zmax	ok	9	0.000070
zmax	ok	41	0.000243
zmax	ok	13	0.000093
zmax	ok	3	0.000032
zmax	ok	5	0.000058
zmax	exhausted	269	0.001459
zmax	ok	11	0.000082
zmax	ok	2	0.000029
zmax	ok	26	0.000167
zmax	ok	2	0.000036
zmax	ok	31	0.000196
zmax	ok	7	0.000055
zmax	ok	8	0.000062
zmax	ok	10	0.000072
zmax	ok	24	0.000146
zmax	exhausted	243	0.001317
plain	timeout	15570	0.100085
zmax	ok	5	0.000064
zmax	exhausted	272	0.001479
plain	timeout	15895	0.100049
zmax	ok	6	0.000065
zmax	ok	35	0.000206
zmax	ok	1	0.000024
zmax	ok	33	0.000192
zmax	ok	5	0.000055
zmax	ok	38	0.000228
zmax	ok	11	0.000082
zmax	ok	13	0.000083
zmax	ok	1	0.000029
zmax	ok	1	0.000030
zmax	ok	1	0.000028
zmax	ok	1	0.000028
zmax	ok	15	0.000067
zmax	ok	2	0.000028
zmax	ok	2	0.000026
zmax	ok	2	0.000029
zmax	ok	2	0.000027
zmax	ok	2	0.000024
zmax	exhausted	2	0.000023
plain	exhausted	2	0.000022
zmax	ok	8	0.000070
zmax	ok	19	0.000121
zmax	ok	1	0.000031
zmax	ok	1	0.000028
zmax	ok	1	0.000065
zmax	ok	1	0.000037
zmax	ok	1	0.000029
zmax	ok	117	0.000600
zmax	exhausted	1	0.000021
plain	ok	46	0.000297
zmax	exhausted	258	0.001297
plain	timeout	15531	0.100077
zmax	ok	28	0.000198
zmax	exhausted	270	0.001471
plain	timeout	15764	0.100055
zmax	ok	5	0.000057
zmax	ok	116	0.000610
zmax	ok	50	0.000327
zmax	exhausted	178	0.000888
plain	ok	6	0.000057
zmax	ok	2	0.000035
zmax	ok	45	0.000244
zmax	exhausted	1	0.000021
plain	exhausted	1	0.000019
zmax	ok	5	0.000044
zmax	ok	39	0.000221
zmax	exhausted	1	0.000020
plain	exhausted	1	0.000019
zmax	ok	2	0.000030
zmax	ok	52	0.000278
zmax	exhausted	1	0.000020
plain	exhausted	1	0.000019
zmax	ok	2	0.000032
zmax	exhausted	1	0.000020
plain	ok	36	0.000222
zmax	exhausted	1	0.000019
plain	exhausted	1	0.000019
zmax	ok	5	0.000046
zmax	ok	116	0.000598
zmax	ok	50	0.000335
zmax	exhausted	178	0.000878
plain	ok	6	0.000057
zmax	ok	1	0.000032
zmax	ok	1	0.000031
zmax	ok	13	0.000099
zmax	ok	52	0.000302
zmax	ok	13	0.000090
zmax	ok	47	0.000272
zmax	ok	2	0.000036
zmax	ok	32	0.000206
zmax	ok	7	0.000057
zmax	ok	29	0.000184
zmax	ok	5	0.000055
zmax	ok	11	0.000086
zmax	ok	19	0.000129
zmax	ok	32	0.000203
zmax	ok	5	0.000053
zmax	ok	41	0.000330
zmax	ok	21	0.000127
zmax	ok	14	0.000095
zmax	ok	6	0.000058
zmax	ok	45	0.000273
zmax	exhausted	3	0.000028
plain	exhausted	3	0.000026
zmax	ok	8	0.000071
zmax	ok	46	0.000275
zmax	ok	26	0.000162
zmax	ok	40	0.000232
zmax	ok	13	0.000097
zmax	ok	52	0.000305
zmax	ok	13	0.000092
zmax	ok	47	0.000265
zmax	ok	1	0.000031
zmax	ok	1	0.000028
zmax	ok	1	0.000030
zmax	ok	1	0.000028
zmax	exhausted	1	0.000023
plain	exhausted	1	0.000020
zmax	ok	5	0.000051
zmax	ok	18	0.000112
zmax	ok	1	0.000031
zmax	ok	1	0.000040
zmax	ok	1	0.000040
zmax	ok	1	0.000030
zmax	ok	1	0.000029
zmax	ok	135	0.000692
zmax	ok	38	0.000199
zmax	ok	17	0.000106
zmax	ok	5	0.000050
zmax	ok	36	0.000204
zmax	exhausted	1	0.000021
plain	exhausted	1	0.000020
zmax	ok	2	0.000033
zmax	ok	19	0.000113
zmax	ok	73	0.000382
zmax	exhausted	254	0.001313
plain	timeout	15116	0.100123
zmax	ok	2	0.000066
zmax	exhausted	274	0.002175
plain	timeout	15794	0.100083
zmax	ok	2	0.000045
zmax	ok	46	0.000268
zmax	ok	57	0.000312
zmax	exhausted	258	0.001333
plain	timeout	14950	0.100102
zmax	ok	10	0.000097
zmax	exhausted	271	0.001422
plain	timeout	15708	0.100054
zmax	ok	5	0.000060
zmax	ok	34	0.000203
zmax	ok	21	0.000134
zmax	ok	70	0.000409
zmax	ok	2	0.000051
zmax	exhausted	1	0.000023
plain	ok	33	0.000206
zmax	exhausted	1	0.000021
plain	exhausted	1	0.000019
zmax	ok	1	0.000029
zmax	ok	135	0.000681
zmax	ok	38	0.000198
zmax	ok	17	0.000118
zmax	ok	1	0.000031
zmax	ok	1	0.000029
zmax	ok	26	0.000157
zmax	exhausted	1	0.000021
plain	exhausted	1	0.000020
zmax	ok	12	0.000083
zmax	ok	19	0.000116
zmax	ok	8	0.000067
zmax	ok	16	0.000103
zmax	ok	1	0.000030
zmax	ok	1	0.000028
zmax	ok	1	0.000027
zmax	ok	1	0.000027
zmax	ok	1	0.000028
zmax	ok	126	0.000641
zmax	exhausted	185	0.000957
plain	timeout	15788	0.100092
zmax	ok	18	0.000142
zmax	exhausted	269	0.001440
plain	timeout	15723	0.100064
zmax	ok	2	0.000052
zmax	ok	48	0.000283
zmax	ok	56	0.000315
zmax	exhausted	257	0.001333
plain	timeout	15577	0.100090
zmax	ok	1	0.000059
zmax	ok	1	0.000029
zmax	ok	1	0.000033
zmax	ok	1	0.000031
zmax	ok	9	0.000077
zmax	ok	32	0.000200
zmax	ok	9	0.000072
zmax	ok	5	0.000052
zmax	ok	5	0.000050
zmax	exhausted	222	0.001167
plain	ok	15	0.000117
zmax	ok	5	0.000051
zmax	ok	19	0.000124
zmax	exhausted	218	0.001127
plain	ok	41	0.000276
zmax	ok	5	0.000055
zmax	ok	8	0.000065
zmax	ok	5	0.000049
zmax	ok	2	0.000034
zmax	ok	24	0.000153
zmax	ok	30	0.000191
zmax	ok	2	0.000034
zmax	ok	17	0.000113
zmax	ok	27	0.000173
zmax	ok	9	0.000075
zmax	ok	32	0.000202
zmax	ok	9	0.000071
zmax	ok	1	0.000030
zmax	ok	1	0.000028
zmax	ok	16	0.000108
zmax	ok	10	0.000073
zmax	ok	32	0.000198
zmax	ok	5	0.000052
zmax	ok	17	0.000106
zmax	exhausted	204	0.001040
plain	ok	24	0.000162
zmax	ok	22	0.000137
zmax	ok	13	0.000088
zmax	exhausted	204	0.001030
plain	ok	31	0.000248
zmax	ok	15	0.000102
zmax	ok	10	0.000093
zmax	ok	16	0.000138
zmax	ok	5	0.000053
zmax	ok	32	0.000180
zmax	ok	41	0.000233
zmax	ok	8	0.000065
zmax	ok	16	0.000104
zmax	ok	17	0.000110
zmax	ok	16	0.000106
zmax	ok	10	0.000072
zmax	ok	32	0.000199
zmax	ok	15	0.000105
zmax	ok	9	0.000066
zmax	exhausted	171	0.000836
plain	ok	22	0.000154
zmax	exhausted	1	0.000021
plain	exhausted	1	0.000021
zmax	ok	15	0.000098
zmax	ok	9	0.000062
zmax	exhausted	171	0.000863
plain	ok	15	0.000111
zmax	exhausted	1	0.000021
plain	exhausted	1	0.000020
zmax	ok	5	0.000062
zmax	ok	23	0.000126
zmax	ok	10	0.000075
zmax	exhausted	243	0.001259
plain	timeout	15730	0.100055
zmax	ok	5	0.000062
zmax	ok	39	0.000233
zmax	exhausted	1	0.000022
plain	exhausted	1	0.000020
zmax	ok	5	0.000051
zmax	ok	142	0.000757
zmax	exhausted	174	0.000880
plain	timeout	15583	0.100090
zmax	ok	5	0.000060
zmax	ok	16	0.000107
zmax	exhausted	1	0.000022
plain	ok	17	0.000122
zmax	exhausted	242	0.001253
plain	timeout	15331	0.100051
zmax	ok	2	0.000042
zmax	ok	20	0.000130
zmax	ok	73	0.000397
zmax	exhausted	254	0.001410
plain	timeout	15165	0.100101
zmax	ok	8	0.000077
zmax	ok	15	0.000101
zmax	exhausted	173	0.000833
plain	ok	34	0.000216
zmax	ok	44	0.000250
zmax	ok	2	0.000036
zmax	ok	31	0.000172
zmax	exhausted	173	0.000848
plain	ok	19	0.000130
zmax	ok	22	0.000133
zmax	ok	8	0.000067
zmax	ok	15	0.000104
zmax	exhausted	173	0.000832
plain	ok	34	0.000215
zmax	ok	44	0.000250
zmax	ok	1	0.000032
zmax	ok	1	0.000031
plain	timeout	15272	0.100055
zmax	ok	3	0.000051
zmax	ok	123	0.000643
zmax	exhausted	1	0.000022
plain	timeout	15360	0.100092
zmax	ok	22	0.000160
zmax	ok	2	0.000037
zmax	ok	2	0.000034
zmax	ok	2	0.000030
zmax	ok	2	0.000029
zmax	ok	2	0.000031
zmax	ok	2	0.000029
zmax	ok	2	0.000030
zmax	ok	2	0.000028
zmax	ok	2	0.000030
zmax	ok	2	0.000028
zmax	ok	2	0.000031
zmax	ok	2	0.000031
zmax	ok	2	0.000029
zmax	ok	2	0.000028
zmax	ok	2	0.000029
