MAIN i=1 block=0 nodes={'13': (5, 1), '15': (5, 1), '17': (5, 1), '11': (5, 1), '1272': (2, 1), '1313': (2, 1)} inputs={'13': [('0', True)], '15': [('1', True)], '17': [('2', True)], '11': [('5', True)], '1272': [('3', True)], '1313': [('4', True)]}
MAIN i=2 block=0 nodes={'14': (5, 2), '16': (5, 1), '18': (5, 1), '12': (5, 1), '1273': (2, 1), '1314': (2, 1)} inputs={'14': [('13', True)], '16': [('15', True)], '18': [('17', True)], '12': [('11', True)], '1273': [('1272', True)], '1314': [('1313', True)]}
MAIN i=3 block=0 nodes={'19': (1, 1), '24': (0, 2), '1274': (2, 1), '1315': (2, 1), '1351': (2, 1), '1363': (2, 1)} inputs={'19': [('16', True), ('14', True)], '24': [('14', True)], '1274': [('1273', True)], '1315': [('1314', True)], '1351': [('12', True)], '1363': [('18', True)]}
MAIN i=4 block=0 nodes={'21': (5, 1), '23': (1, 2), '1275': (2, 1), '1316': (2, 1), '1352': (2, 1), '1364': (2, 1), '1367': (2, 1)} inputs={'21': [('19', True)], '23': [('24', True)], '1275': [('1274', True)], '1316': [('1315', True)], '1352': [('1351', True)], '1364': [('1363', True)], '1367': [('24', True)]}
MAIN i=5 block=0 nodes={'22': (5, 0), '1276': (2, 1), '1317': (2, 1), '1353': (2, 1), '1365': (2, 1), '1366': (2, 1), '1368': (2, 1)} inputs={'22': [('21', True), ('23', True)], '1276': [('1275', True)], '1317': [('1316', True)], '1353': [('1352', True)], '1365': [('1364', True)], '1366': [('23', True)], '1368': [('1367', True)]}
MAIN i=6 block=1 nodes={'25': (1, 1), '26': (0, 1), '1277': (2, 1), '1318': (2, 1), '1354': (2, 1), '1369': (2, 1)} inputs={'25': [('1365', True)], '26': [('1366', True)], '1277': [('1276', True)], '1318': [('1317', True)], '1354': [('1353', True)], '1369': [('1368', True)]}
MAIN i=7 block=1 nodes={'27': (5, 1), '1278': (2, 1), '1319': (2, 1), '1355': (2, 1), '1370': (2, 1), '1372': (2, 1)} inputs={'27': [('25', True)], '1278': [('1277', True)], '1319': [('1318', True)], '1355': [('1354', True)], '1370': [('1369', True)], '1372': [('26', True)]}
MAIN i=8 block=1 nodes={'28': (5, 1), '1279': (2, 1), '1320': (2, 1), '1356': (2, 1), '1371': (2, 1), '1373': (2, 1)} inputs={'28': [('27', True)], '1279': [('1278', True)], '1320': [('1319', True)], '1356': [('1355', True)], '1371': [('1370', True)], '1373': [('1372', True)]}
MAIN i=9 block=2 nodes={'29': (1, 1), '30': (0, 1), '1280': (2, 1), '1321': (2, 1), '1357': (2, 1), '1374': (2, 1)} inputs={'29': [('28', True)], '30': [('1371', True)], '1280': [('1279', True)], '1321': [('1320', True)], '1357': [('1356', True)], '1374': [('1373', True)]}
MAIN i=10 block=2 nodes={'31': (5, 1), '1281': (2, 1), '1322': (2, 1), '1358': (2, 1), '1375': (2, 1), '1377': (2, 1)} inputs={'31': [('29', True)], '1281': [('1280', True)], '1322': [('1321', True)], '1358': [('1357', True)], '1375': [('1374', True)], '1377': [('30', True)]}
MAIN i=11 block=2 nodes={'32': (5, 1), '1282': (2, 1), '1323': (2, 1), '1359': (2, 1), '1376': (2, 1), '1378': (2, 1)} inputs={'32': [('31', True)], '1282': [('1281', True)], '1323': [('1322', True)], '1359': [('1358', True)], '1376': [('1375', True)], '1378': [('1377', True)]}
MAIN i=12 block=3 nodes={'33': (1, 1), '34': (0, 1), '1283': (2, 1), '1324': (2, 1), '1360': (2, 1), '1379': (2, 1)} inputs={'33': [('32', True)], '34': [('1376', True)], '1283': [('1282', True)], '1324': [('1323', True)], '1360': [('1359', True)], '1379': [('1378', True)]}
MAIN i=13 block=3 nodes={'35': (5, 1), '1284': (2, 1), '1325': (2, 1), '1361': (2, 1), '1380': (2, 1), '1382': (2, 1)} inputs={'35': [('33', True)], '1284': [('1283', True)], '1325': [('1324', True)], '1361': [('1360', True)], '1380': [('1379', True)], '1382': [('34', True)]}
MAIN i=14 block=3 nodes={'36': (5, 1), '1285': (2, 1), '1326': (2, 1), '1362': (2, 1), '1381': (2, 1), '1383': (2, 1)} inputs={'36': [('35', True)], '1285': [('1284', True)], '1326': [('1325', True)], '1362': [('1361', True)], '1381': [('1380', True)], '1383': [('1382', True)]}
MAIN i=15 block=4 nodes={'37': (1, 1), '38': (0, 1), '39': (1, 2), '1286': (2, 1), '1327': (2, 1), '1384': (2, 1)} inputs={'37': [('36', True)], '38': [('1381', True)], '39': [('1362', True)], '1286': [('1285', True)], '1327': [('1326', True)], '1384': [('1383', True)]}
MAIN i=16 block=4 nodes={'40': (0, 1), '41': (5, 1), '1287': (2, 1), '1328': (2, 1), '1385': (2, 1), '1387': (2, 1)} inputs={'40': [('37', True), ('39', True)], '41': [('39', True)], '1287': [('1286', True)], '1328': [('1327', True)], '1385': [('1384', True)], '1387': [('38', True)]}
MAIN i=17 block=4 nodes={'42': (5, 1), '1288': (2, 1), '1329': (2, 1), '1386': (2, 1), '1388': (2, 1), '1395': (2, 1)} inputs={'42': [('41', True)], '1288': [('1287', True)], '1329': [('1328', True)], '1386': [('1385', True)], '1388': [('1387', True)], '1395': [('40', True)]}
MAIN i=18 block=5 nodes={'43': (1, 1), '44': (0, 1), '1289': (2, 1), '1330': (2, 1), '1389': (2, 1), '1396': (2, 1)} inputs={'43': [('42', True)], '44': [('1386', True)], '1289': [('1288', True)], '1330': [('1329', True)], '1389': [('1388', True)], '1396': [('1395', True)]}
MAIN i=19 block=5 nodes={'45': (5, 1), '1290': (2, 1), '1331': (2, 1), '1390': (2, 1), '1397': (2, 1), '1399': (2, 1)} inputs={'45': [('43', True)], '1290': [('1289', True)], '1331': [('1330', True)], '1390': [('1389', True)], '1397': [('1396', True)], '1399': [('44', True)]}
MAIN i=19 block=5: MCTS tier returned None for every seed (ceiling_flag=0)
MAIN i=20 block=5 nodes={'46': (5, 1), '1291': (2, 1), '1332': (2, 1), '1391': (2, 1), '1398': (2, 1), '1400': (2, 1)} inputs={'46': [('45', True)], '1291': [('1290', True)], '1332': [('1331', True)], '1391': [('1390', True)], '1398': [('1397', True)], '1400': [('1399', True)]}
MAIN i=21 block=6 nodes={'47': (1, 1), '48': (0, 1), '1292': (2, 1), '1333': (2, 1), '1392': (2, 1), '1401': (2, 1)} inputs={'47': [('46', True)], '48': [('1398', True)], '1292': [('1291', True)], '1333': [('1332', True)], '1392': [('1391', True)], '1401': [('1400', True)]}
MAIN i=22 block=6 nodes={'49': (5, 1), '1293': (2, 1), '1334': (2, 1), '1393': (2, 1), '1402': (2, 1), '1410': (2, 1)} inputs={'49': [('47', True)], '1293': [('1292', True)], '1334': [('1333', True)], '1393': [('1392', True)], '1402': [('1401', True)], '1410': [('48', True)]}
MAIN i=23 block=6 nodes={'50': (5, 1), '1294': (2, 1), '1335': (2, 1), '1394': (2, 1), '1403': (2, 1), '1411': (2, 1)} inputs={'50': [('49', True)], '1294': [('1293', True)], '1335': [('1334', True)], '1394': [('1393', True)], '1403': [('1402', True)], '1411': [('1410', True)]}
MAIN i=24 block=7 nodes={'51': (1, 1), '52': (0, 1), '1295': (2, 1), '1336': (2, 1), '1404': (2, 1), '1412': (2, 1)} inputs={'51': [('50', True)], '52': [('1394', True)], '1295': [('1294', True)], '1336': [('1335', True)], '1404': [('1403', True)], '1412': [('1411', True)]}
MAIN i=25 block=7 nodes={'53': (5, 1), '1296': (2, 1), '1337': (2, 1), '1405': (2, 1), '1413': (2, 1), '1415': (2, 1)} inputs={'53': [('51', True)], '1296': [('1295', True)], '1337': [('1336', True)], '1405': [('1404', True)], '1413': [('1412', True)], '1415': [('52', True)]}
MAIN i=26 block=7 nodes={'54': (5, 1), '1297': (2, 1), '1338': (2, 1), '1406': (2, 1), '1414': (2, 1), '1416': (2, 1)} inputs={'54': [('53', True)], '1297': [('1296', True)], '1338': [('1337', True)], '1406': [('1405', True)], '1414': [('1413', True)], '1416': [('1415', True)]}
MAIN i=27 block=8 nodes={'55': (1, 1), '56': (0, 1), '1298': (2, 1), '1339': (2, 1), '1407': (2, 1), '1417': (2, 1)} inputs={'55': [('54', True)], '56': [('1414', True)], '1298': [('1297', True)], '1339': [('1338', True)], '1407': [('1406', True)], '1417': [('1416', True)]}
MAIN i=28 block=8 nodes={'57': (5, 1), '1299': (2, 1), '1340': (2, 1), '1408': (2, 1), '1418': (2, 1), '1426': (2, 1)} inputs={'57': [('55', True)], '1299': [('1298', True)], '1340': [('1339', True)], '1408': [('1407', True)], '1418': [('1417', True)], '1426': [('56', True)]}
MAIN i=29 block=8 nodes={'58': (5, 1), '1300': (2, 1), '1341': (2, 1), '1409': (2, 1), '1419': (2, 1), '1427': (2, 1)} inputs={'58': [('57', True)], '1300': [('1299', True)], '1341': [('1340', True)], '1409': [('1408', True)], '1419': [('1418', True)], '1427': [('1426', True)]}
MAIN i=30 block=9 nodes={'59': (1, 1), '60': (5, 1), '1301': (2, 1), '1342': (2, 1), '1420': (2, 1), '1428': (2, 1)} inputs={'59': [('58', True)], '60': [('1409', True)], '1301': [('1300', True)], '1342': [('1341', True)], '1420': [('1419', True)], '1428': [('1427', True)]}
MAIN i=31 block=9 nodes={'63': (5, 1), '62': (5, 1), '1302': (2, 1), '1343': (2, 1), '1421': (2, 1), '1429': (2, 1)} inputs={'63': [('59', True)], '62': [('60', True)], '1302': [('1301', True)], '1343': [('1342', True)], '1421': [('1420', True)], '1429': [('1428', True)]}
MAIN i=32 block=9 nodes={'64': (5, 1), '1303': (2, 1), '1344': (2, 1), '1422': (2, 1), '1430': (2, 1), '1431': (2, 1)} inputs={'64': [('63', True)], '1303': [('1302', True)], '1344': [('1343', True)], '1422': [('1421', True)], '1430': [('1429', True)], '1431': [('62', True)]}
MAIN i=33 block=10 nodes={'65': (1, 1), '66': (5, 1), '1304': (2, 1), '1345': (2, 1), '1423': (2, 1), '1432': (2, 1)} inputs={'65': [('64', True)], '66': [('1430', True)], '1304': [('1303', True)], '1345': [('1344', True)], '1423': [('1422', True)], '1432': [('1431', True)]}
MAIN i=34 block=10 nodes={'69': (5, 1), '68': (5, 1), '1305': (2, 1), '1346': (2, 1), '1424': (2, 1), '1433': (2, 1)} inputs={'69': [('65', True)], '68': [('66', True)], '1305': [('1304', True)], '1346': [('1345', True)], '1424': [('1423', True)], '1433': [('1432', True)]}
MAIN i=35 block=10 nodes={'70': (5, 1), '1306': (2, 1), '1347': (2, 1), '1425': (2, 1), '1434': (2, 1), '1435': (2, 1)} inputs={'70': [('69', True)], '1306': [('1305', True)], '1347': [('1346', True)], '1425': [('1424', True)], '1434': [('1433', True)], '1435': [('68', True)]}
MAIN i=36 block=11 nodes={'71': (1, 1), '72': (5, 1), '76': (1, 2), '1307': (2, 1), '1348': (2, 1), '1436': (2, 1)} inputs={'71': [('70', True)], '72': [('1425', True)], '76': [('1434', True)], '1307': [('1306', True)], '1348': [('1347', True)], '1436': [('1435', True)]}
MAIN i=37 block=11 nodes={'78': (5, 1), '74': (5, 1), '80': (5, 1), '1308': (2, 1), '1349': (2, 1), '1437': (2, 1)} inputs={'78': [('71', True)], '74': [('72', True), ('76', True)], '80': [('76', True)], '1308': [('1307', True)], '1349': [('1348', True)], '1437': [('1436', True)]}
MAIN i=37 block=11: MCTS tier returned None for every seed (ceiling_flag=0)
MAIN i=38 block=11 nodes={'79': (5, 1), '1309': (2, 1), '1350': (2, 1), '1438': (2, 1), '1439': (2, 1), '1440': (2, 1)} inputs={'79': [('78', True)], '1309': [('1308', True)], '1350': [('1349', True)], '1438': [('1437', True)], '1439': [('74', True)], '1440': [('80', True)]}
MAIN i=39 block=12 nodes={'81': (5, 1), '84': (0, 2), '85': (1, 1), '86': (0, 1), '87': (1, 2), '1310': (2, 1)} inputs={'81': [('1440', True)], '84': [('1439', True)], '85': [('79', True)], '86': [('1350', True)], '87': [('1438', True)], '1310': [('1309', True)]}
MAIN i=40 block=12 nodes={'83': (1, 0), '89': (5, 1), '88': (0, 1), '1311': (2, 1), '1441': (2, 1), '1443': (2, 1), '1448': (2, 1)} inputs={'83': [('81', True), ('84', True)], '89': [('85', True)], '88': [('87', True)], '1311': [('1310', True)], '1441': [('84', True)], '1443': [('86', True)], '1448': [('87', True)]}
MAIN i=41 block=12 nodes={'90': (5, 1), '1312': (2, 1), '1442': (2, 1), '1444': (2, 1), '1449': (2, 1), '1450': (2, 1)} inputs={'90': [('89', True)], '1312': [('1311', True)], '1442': [('1441', True)], '1444': [('1443', True)], '1449': [('1448', True)], '1450': [('88', True)]}
MAIN i=42 block=13 nodes={'91': (5, 1), '93': (1, 1), '94': (0, 1), '96': (0, 2), '1445': (2, 1), '1451': (2, 1)} inputs={'91': [('1449', True)], '93': [('90', True)], '94': [('1312', True)], '96': [('1442', True)], '1445': [('1444', True)], '1451': [('1450', True)]}
MAIN i=43 block=13 nodes={'92': (5, 0), '97': (5, 1), '95': (1, 1), '1446': (2, 1), '1452': (2, 1), '1454': (2, 1), '1460': (2, 1)} inputs={'92': [('91', True)], '97': [('93', True)], '95': [('96', True)], '1446': [('1445', True)], '1452': [('1451', True)], '1454': [('94', True)], '1460': [('96', True)]}
MAIN i=44 block=13 nodes={'98': (5, 1), '1447': (2, 1), '1453': (2, 1), '1455': (2, 1), '1459': (2, 1), '1461': (2, 1)} inputs={'98': [('97', True)], '1447': [('1446', True)], '1453': [('1452', True)], '1455': [('1454', True)], '1459': [('95', True)], '1461': [('1460', True)]}
MAIN i=45 block=14 nodes={'99': (5, 1), '101': (1, 1), '102': (5, 1), '104': (0, 2), '1456': (2, 1), '1462': (2, 1)} inputs={'99': [('1459', True)], '101': [('98', True)], '102': [('1447', True)], '104': [('1453', True)], '1456': [('1455', True)], '1462': [('1461', True)]}
MAIN i=46 block=14 nodes={'100': (5, 0), '107': (5, 1), '106': (5, 1), '103': (1, 1), '1457': (2, 1), '1463': (2, 1), '1466': (2, 1)} inputs={'100': [('99', True)], '107': [('101', True)], '106': [('102', True)], '103': [('104', True)], '1457': [('1456', True)], '1463': [('1462', True)], '1466': [('104', True)]}
MAIN i=47 block=14 nodes={'108': (5, 1), '1458': (2, 1), '1464': (2, 1), '1465': (2, 1), '1467': (2, 1), '1478': (2, 1)} inputs={'108': [('107', True)], '1458': [('1457', True)], '1464': [('1463', True)], '1465': [('103', True)], '1467': [('1466', True)], '1478': [('106', True)]}
MAIN i=48 block=15 nodes={'109': (5, 1), '111': (1, 1), '112': (0, 1), '114': (0, 2), '115': (1, 1), '1468': (2, 1)} inputs={'109': [('1465', True)], '111': [('108', True)], '112': [('1458', True)], '114': [('1464', True)], '115': [('1478', True)], '1468': [('1467', True)]}
MAIN i=49 block=15 nodes={'110': (5, 0), '117': (5, 1), '119': (5, 1), '113': (1, 1), '121': (5, 1), '1469': (2, 1), '1484': (2, 1)} inputs={'110': [('109', True)], '117': [('111', True)], '119': [('112', True)], '113': [('114', True)], '121': [('115', True)], '1469': [('1468', True)], '1484': [('114', True)]}
MAIN i=50 block=15 nodes={'118': (5, 1), '120': (5, 2), '122': (5, 1), '1470': (2, 1), '1479': (2, 1), '1485': (2, 1)} inputs={'118': [('117', True)], '120': [('119', True)], '122': [('121', True)], '1470': [('1469', True)], '1479': [('113', True)], '1485': [('1484', True)]}
MAIN i=51 block=15 nodes={'126': (5, 1), '124': (1, 1), '1471': (2, 1), '1480': (2, 1), '1486': (2, 1), '1499': (2, 1)} inputs={'126': [('118', True)], '124': [('122', True), ('120', True)], '1471': [('1470', True)], '1480': [('1479', True)], '1486': [('1485', True)], '1499': [('120', True)]}
MAIN i=52 block=15 nodes={'127': (5, 1), '1472': (2, 1), '1481': (2, 1), '1487': (2, 1), '1500': (2, 1), '1530': (2, 1)} inputs={'127': [('126', True)], '1472': [('1471', True)], '1481': [('1480', True)], '1487': [('1486', True)], '1500': [('1499', True)], '1530': [('124', True)]}
MAIN i=53 block=15 nodes={'129': (5, 1), '1473': (2, 1), '1482': (2, 1), '1488': (2, 1), '1501': (2, 1), '1531': (2, 1)} inputs={'129': [('127', True)], '1473': [('1472', True)], '1482': [('1481', True)], '1488': [('1487', True)], '1501': [('1500', True)], '1531': [('1530', True)]}
MAIN i=54 block=15 nodes={'130': (5, 1), '1474': (2, 1), '1483': (2, 1), '1489': (2, 1), '1502': (2, 1), '1532': (2, 1)} inputs={'130': [('129', True)], '1474': [('1473', True)], '1483': [('1482', True)], '1489': [('1488', True)], '1502': [('1501', True)], '1532': [('1531', True)]}
MAIN i=55 block=16 nodes={'131': (1, 1), '132': (0, 1), '1475': (2, 1), '1490': (2, 1), '1503': (2, 1), '1533': (2, 1)} inputs={'131': [('130', True)], '132': [('1483', True)], '1475': [('1474', True)], '1490': [('1489', True)], '1503': [('1502', True)], '1533': [('1532', True)]}
MAIN i=56 block=16 nodes={'133': (5, 1), '1476': (2, 1), '1491': (2, 1), '1504': (2, 1), '1534': (2, 1), '1557': (2, 1)} inputs={'133': [('131', True)], '1476': [('1475', True)], '1491': [('1490', True)], '1504': [('1503', True)], '1534': [('1533', True)], '1557': [('132', True)]}
MAIN i=57 block=16 nodes={'134': (5, 1), '1477': (2, 1), '1492': (2, 1), '1505': (2, 1), '1535': (2, 1), '1558': (2, 1)} inputs={'134': [('133', True)], '1477': [('1476', True)], '1492': [('1491', True)], '1505': [('1504', True)], '1535': [('1534', True)], '1558': [('1557', True)]}
MAIN i=58 block=17 nodes={'135': (1, 1), '136': (0, 1), '1493': (2, 1), '1506': (2, 1), '1536': (2, 1), '1559': (2, 1)} inputs={'135': [('134', True)], '136': [('1477', True)], '1493': [('1492', True)], '1506': [('1505', True)], '1536': [('1535', True)], '1559': [('1558', True)]}
MAIN i=59 block=17 nodes={'137': (5, 1), '1494': (2, 1), '1507': (2, 1), '1537': (2, 1), '1560': (2, 1), '1562': (2, 1)} inputs={'137': [('135', True)], '1494': [('1493', True)], '1507': [('1506', True)], '1537': [('1536', True)], '1560': [('1559', True)], '1562': [('136', True)]}
MAIN i=60 block=17 nodes={'138': (5, 1), '1495': (2, 1), '1508': (2, 1), '1538': (2, 1), '1561': (2, 1), '1563': (2, 1)} inputs={'138': [('137', True)], '1495': [('1494', True)], '1508': [('1507', True)], '1538': [('1537', True)], '1561': [('1560', True)], '1563': [('1562', True)]}
MAIN i=61 block=18 nodes={'139': (1, 1), '140': (0, 1), '1496': (2, 1), '1509': (2, 1), '1539': (2, 1), '1564': (2, 1)} inputs={'139': [('138', True)], '140': [('1561', True)], '1496': [('1495', True)], '1509': [('1508', True)], '1539': [('1538', True)], '1564': [('1563', True)]}
MAIN i=62 block=18 nodes={'141': (5, 1), '1497': (2, 1), '1510': (2, 1), '1540': (2, 1), '1565': (2, 1), '1573': (2, 1)} inputs={'141': [('139', True)], '1497': [('1496', True)], '1510': [('1509', True)], '1540': [('1539', True)], '1565': [('1564', True)], '1573': [('140', True)]}
MAIN i=63 block=18 nodes={'142': (5, 1), '1498': (2, 1), '1511': (2, 1), '1541': (2, 1), '1566': (2, 1), '1574': (2, 1)} inputs={'142': [('141', True)], '1498': [('1497', True)], '1511': [('1510', True)], '1541': [('1540', True)], '1566': [('1565', True)], '1574': [('1573', True)]}
MAIN i=64 block=19 nodes={'143': (1, 1), '144': (0, 1), '1512': (2, 1), '1542': (2, 1), '1567': (2, 1), '1575': (2, 1)} inputs={'143': [('142', True)], '144': [('1498', True)], '1512': [('1511', True)], '1542': [('1541', True)], '1567': [('1566', True)], '1575': [('1574', True)]}
MAIN i=65 block=19 nodes={'145': (5, 1), '1513': (2, 1), '1543': (2, 1), '1568': (2, 1), '1576': (2, 1), '1578': (2, 1)} inputs={'145': [('143', True)], '1513': [('1512', True)], '1543': [('1542', True)], '1568': [('1567', True)], '1576': [('1575', True)], '1578': [('144', True)]}
MAIN i=66 block=19 nodes={'146': (5, 1), '1514': (2, 1), '1544': (2, 1), '1569': (2, 1), '1577': (2, 1), '1579': (2, 1)} inputs={'146': [('145', True)], '1514': [('1513', True)], '1544': [('1543', True)], '1569': [('1568', True)], '1577': [('1576', True)], '1579': [('1578', True)]}
MAIN i=67 block=20 nodes={'147': (1, 1), '148': (0, 1), '1515': (2, 1), '1545': (2, 1), '1570': (2, 1), '1580': (2, 1)} inputs={'147': [('146', True)], '148': [('1577', True)], '1515': [('1514', True)], '1545': [('1544', True)], '1570': [('1569', True)], '1580': [('1579', True)]}
MAIN i=68 block=20 nodes={'149': (5, 1), '1516': (2, 1), '1546': (2, 1), '1571': (2, 1), '1581': (2, 1), '1589': (2, 1)} inputs={'149': [('147', True)], '1516': [('1515', True)], '1546': [('1545', True)], '1571': [('1570', True)], '1581': [('1580', True)], '1589': [('148', True)]}
MAIN i=69 block=20 nodes={'150': (5, 1), '1517': (2, 1), '1547': (2, 1), '1572': (2, 1), '1582': (2, 1), '1590': (2, 1)} inputs={'150': [('149', True)], '1517': [('1516', True)], '1547': [('1546', True)], '1572': [('1571', True)], '1582': [('1581', True)], '1590': [('1589', True)]}
MAIN i=70 block=21 nodes={'151': (1, 1), '152': (0, 1), '1518': (2, 1), '1548': (2, 1), '1583': (2, 1), '1591': (2, 1)} inputs={'151': [('150', True)], '152': [('1572', True)], '1518': [('1517', True)], '1548': [('1547', True)], '1583': [('1582', True)], '1591': [('1590', True)]}
MAIN i=71 block=21 nodes={'153': (5, 1), '1519': (2, 1), '1549': (2, 1), '1584': (2, 1), '1592': (2, 1), '1594': (2, 1)} inputs={'153': [('151', True)], '1519': [('1518', True)], '1549': [('1548', True)], '1584': [('1583', True)], '1592': [('1591', True)], '1594': [('152', True)]}
MAIN i=72 block=21 nodes={'154': (5, 1), '1520': (2, 1), '1550': (2, 1), '1585': (2, 1), '1593': (2, 1), '1595': (2, 1)} inputs={'154': [('153', True)], '1520': [('1519', True)], '1550': [('1549', True)], '1585': [('1584', True)], '1593': [('1592', True)], '1595': [('1594', True)]}
MAIN i=73 block=22 nodes={'155': (1, 1), '156': (0, 1), '1521': (2, 1), '1551': (2, 1), '1586': (2, 1), '1596': (2, 1)} inputs={'155': [('154', True)], '156': [('1593', True)], '1521': [('1520', True)], '1551': [('1550', True)], '1586': [('1585', True)], '1596': [('1595', True)]}
MAIN i=74 block=22 nodes={'157': (5, 1), '1522': (2, 1), '1552': (2, 1), '1587': (2, 1), '1597': (2, 1), '1616': (2, 1)} inputs={'157': [('155', True)], '1522': [('1521', True)], '1552': [('1551', True)], '1587': [('1586', True)], '1597': [('1596', True)], '1616': [('156', True)]}
MAIN i=75 block=22 nodes={'158': (5, 1), '1523': (2, 1), '1553': (2, 1), '1588': (2, 1), '1598': (2, 1), '1617': (2, 1)} inputs={'158': [('157', True)], '1523': [('1522', True)], '1553': [('1552', True)], '1588': [('1587', True)], '1598': [('1597', True)], '1617': [('1616', True)]}
MAIN i=76 block=23 nodes={'159': (1, 1), '160': (0, 1), '1524': (2, 1), '1554': (2, 1), '1599': (2, 1), '1618': (2, 1)} inputs={'159': [('158', True)], '160': [('1588', True)], '1524': [('1523', True)], '1554': [('1553', True)], '1599': [('1598', True)], '1618': [('1617', True)]}
MAIN i=77 block=23 nodes={'162': (5, 1), '1525': (2, 1), '1555': (2, 1), '1600': (2, 1), '1619': (2, 1), '1652': (2, 1)} inputs={'162': [('159', True)], '1525': [('1524', True)], '1555': [('1554', True)], '1600': [('1599', True)], '1619': [('1618', True)], '1652': [('160', True)]}
MAIN i=78 block=23 nodes={'163': (5, 1), '1526': (2, 1), '1556': (2, 1), '1601': (2, 1), '1620': (2, 1), '1653': (2, 1)} inputs={'163': [('162', True)], '1526': [('1525', True)], '1556': [('1555', True)], '1601': [('1600', True)], '1620': [('1619', True)], '1653': [('1652', True)]}
MAIN i=79 block=24 nodes={'165': (1, 1), '166': (0, 1), '1527': (2, 1), '1602': (2, 1), '1621': (2, 1), '1654': (2, 1)} inputs={'165': [('163', True)], '166': [('1556', True)], '1527': [('1526', True)], '1602': [('1601', True)], '1621': [('1620', True)], '1654': [('1653', True)]}
MAIN i=80 block=24 nodes={'167': (5, 1), '1528': (2, 1), '1603': (2, 1), '1622': (2, 1), '1655': (2, 1), '1671': (2, 1)} inputs={'167': [('165', True)], '1528': [('1527', True)], '1603': [('1602', True)], '1622': [('1621', True)], '1655': [('1654', True)], '1671': [('166', True)]}
MAIN i=81 block=24 nodes={'168': (5, 1), '1529': (2, 1), '1604': (2, 1), '1623': (2, 1), '1656': (2, 1), '1672': (2, 1)} inputs={'168': [('167', True)], '1529': [('1528', True)], '1604': [('1603', True)], '1623': [('1622', True)], '1656': [('1655', True)], '1672': [('1671', True)]}
MAIN i=82 block=25 nodes={'169': (1, 1), '170': (0, 1), '1605': (2, 1), '1624': (2, 1), '1657': (2, 1), '1673': (2, 1)} inputs={'169': [('168', True)], '170': [('1529', True)], '1605': [('1604', True)], '1624': [('1623', True)], '1657': [('1656', True)], '1673': [('1672', True)]}
MAIN i=83 block=25 nodes={'171': (5, 1), '1606': (2, 1), '1625': (2, 1), '1658': (2, 1), '1674': (2, 1), '1676': (2, 1)} inputs={'171': [('169', True)], '1606': [('1605', True)], '1625': [('1624', True)], '1658': [('1657', True)], '1674': [('1673', True)], '1676': [('170', True)]}
MAIN i=84 block=25 nodes={'172': (5, 1), '1607': (2, 1), '1626': (2, 1), '1659': (2, 1), '1675': (2, 1), '1677': (2, 1)} inputs={'172': [('171', True)], '1607': [('1606', True)], '1626': [('1625', True)], '1659': [('1658', True)], '1675': [('1674', True)], '1677': [('1676', True)]}
MAIN i=85 block=26 nodes={'173': (1, 1), '174': (5, 1), '1608': (2, 1), '1627': (2, 1), '1660': (2, 1), '1678': (2, 1)} inputs={'173': [('172', True)], '174': [('1675', True)], '1608': [('1607', True)], '1627': [('1626', True)], '1660': [('1659', True)], '1678': [('1677', True)]}
MAIN i=86 block=26 nodes={'177': (5, 1), '176': (5, 1), '1609': (2, 1), '1628': (2, 1), '1661': (2, 1), '1679': (2, 1)} inputs={'177': [('173', True)], '176': [('174', True)], '1609': [('1608', True)], '1628': [('1627', True)], '1661': [('1660', True)], '1679': [('1678', True)]}
MAIN i=87 block=26 nodes={'178': (5, 1), '1610': (2, 1), '1629': (2, 1), '1662': (2, 1), '1680': (2, 1), '1681': (2, 1)} inputs={'178': [('177', True)], '1610': [('1609', True)], '1629': [('1628', True)], '1662': [('1661', True)], '1680': [('1679', True)], '1681': [('176', True)]}
MAIN i=88 block=27 nodes={'179': (1, 1), '180': (0, 1), '181': (1, 1), '1611': (2, 1), '1630': (2, 1), '1663': (2, 1)} inputs={'179': [('178', True)], '180': [('1680', True)], '181': [('1681', True)], '1611': [('1610', True)], '1630': [('1629', True)], '1663': [('1662', True)]}
MAIN i=89 block=27 nodes={'183': (5, 1), '185': (5, 1), '187': (5, 1), '1612': (2, 1), '1631': (2, 1), '1664': (2, 1)} inputs={'183': [('179', True)], '185': [('180', True)], '187': [('181', True)], '1612': [('1611', True)], '1631': [('1630', True)], '1664': [('1663', True)]}
MAIN i=90 block=27 nodes={'184': (5, 1), '186': (5, 2), '188': (5, 1), '1613': (2, 1), '1632': (2, 1), '1665': (2, 1)} inputs={'184': [('183', True)], '186': [('185', True)], '188': [('187', True)], '1613': [('1612', True)], '1632': [('1631', True)], '1665': [('1664', True)]}
MAIN i=91 block=27 nodes={'192': (5, 1), '190': (1, 1), '1614': (2, 1), '1633': (2, 1), '1666': (2, 1), '1682': (2, 1)} inputs={'192': [('184', True)], '190': [('188', True), ('186', True)], '1614': [('1613', True)], '1633': [('1632', True)], '1666': [('1665', True)], '1682': [('186', True)]}
MAIN i=91 block=27: MCTS tier returned None for every seed (ceiling_flag=0)
MAIN i=92 block=27 nodes={'193': (5, 1), '1615': (2, 1), '1634': (2, 1), '1667': (2, 1), '1683': (2, 1), '1698': (2, 1)} inputs={'193': [('192', True)], '1615': [('1614', True)], '1634': [('1633', True)], '1667': [('1666', True)], '1683': [('1682', True)], '1698': [('190', True)]}
MAIN i=93 block=28 nodes={'196': (1, 1), '197': (0, 1), '198': (5, 1), '1635': (2, 1), '1668': (2, 1), '1684': (2, 1)} inputs={'196': [('1698', True)], '197': [('1615', True)], '198': [('193', True)], '1635': [('1634', True)], '1668': [('1667', True)], '1684': [('1683', True)]}
MAIN i=94 block=28 nodes={'200': (5, 1), '199': (5, 1), '1636': (2, 1), '1669': (2, 1), '1685': (2, 1), '1699': (2, 1)} inputs={'200': [('196', True)], '199': [('198', True)], '1636': [('1635', True)], '1669': [('1668', True)], '1685': [('1684', True)], '1699': [('197', True)]}
MAIN i=95 block=28 nodes={'201': (5, 1), '1637': (2, 1), '1670': (2, 1), '1686': (2, 1), '1700': (2, 1), '1704': (2, 1)} inputs={'201': [('200', True)], '1637': [('1636', True)], '1670': [('1669', True)], '1686': [('1685', True)], '1700': [('1699', True)], '1704': [('199', True)]}
MAIN i=96 block=29 nodes={'202': (1, 1), '203': (0, 1), '1638': (2, 1), '1687': (2, 1), '1701': (2, 1), '1705': (2, 1)} inputs={'202': [('201', True)], '203': [('1670', True)], '1638': [('1637', True)], '1687': [('1686', True)], '1701': [('1700', True)], '1705': [('1704', True)]}
MAIN i=97 block=29 nodes={'204': (5, 1), '1639': (2, 1), '1688': (2, 1), '1702': (2, 1), '1706': (2, 1), '1808': (2, 1)} inputs={'204': [('202', True)], '1639': [('1638', True)], '1688': [('1687', True)], '1702': [('1701', True)], '1706': [('1705', True)], '1808': [('203', True)]}
MAIN i=98 block=29 nodes={'205': (5, 1), '1640': (2, 1), '1689': (2, 1), '1703': (2, 1), '1707': (2, 1), '1809': (2, 1)} inputs={'205': [('204', True)], '1640': [('1639', True)], '1689': [('1688', True)], '1703': [('1702', True)], '1707': [('1706', True)], '1809': [('1808', True)]}
MAIN i=99 block=30 nodes={'206': (1, 1), '207': (5, 1), '1641': (2, 1), '1690': (2, 1), '1708': (2, 1), '1810': (2, 1)} inputs={'206': [('205', True)], '207': [('1703', True)], '1641': [('1640', True)], '1690': [('1689', True)], '1708': [('1707', True)], '1810': [('1809', True)]}
MAIN i=100 block=30 nodes={'210': (5, 1), '209': (5, 1), '1642': (2, 1), '1691': (2, 1), '1709': (2, 1), '1811': (2, 1)} inputs={'210': [('206', True)], '209': [('207', True)], '1642': [('1641', True)], '1691': [('1690', True)], '1709': [('1708', True)], '1811': [('1810', True)]}
MAIN i=101 block=30 nodes={'211': (5, 1), '1643': (2, 1), '1692': (2, 1), '1710': (2, 1), '1812': (2, 1), '1813': (2, 1)} inputs={'211': [('210', True)], '1643': [('1642', True)], '1692': [('1691', True)], '1710': [('1709', True)], '1812': [('1811', True)], '1813': [('209', True)]}
MAIN i=102 block=31 nodes={'212': (1, 1), '213': (0, 1), '214': (1, 1), '1644': (2, 1), '1693': (2, 1), '1711': (2, 1)} inputs={'212': [('211', True)], '213': [('1812', True)], '214': [('1813', True)], '1644': [('1643', True)], '1693': [('1692', True)], '1711': [('1710', True)]}
MAIN i=103 block=31 nodes={'216': (5, 1), '218': (5, 1), '220': (5, 1), '1645': (2, 1), '1694': (2, 1), '1712': (2, 1)} inputs={'216': [('212', True)], '218': [('213', True)], '220': [('214', True)], '1645': [('1644', True)], '1694': [('1693', True)], '1712': [('1711', True)]}
MAIN i=104 block=31 nodes={'217': (5, 1), '219': (5, 2), '221': (5, 1), '1646': (2, 1), '1695': (2, 1), '1713': (2, 1)} inputs={'217': [('216', True)], '219': [('218', True)], '221': [('220', True)], '1646': [('1645', True)], '1695': [('1694', True)], '1713': [('1712', True)]}
MAIN i=105 block=31 nodes={'225': (5, 1), '223': (1, 1), '1647': (2, 1), '1696': (2, 1), '1714': (2, 1), '1814': (2, 1)} inputs={'225': [('217', True)], '223': [('221', True), ('219', True)], '1647': [('1646', True)], '1696': [('1695', True)], '1714': [('1713', True)], '1814': [('219', True)]}
MAIN i=105 block=31: MCTS tier returned None for every seed (ceiling_flag=0)
MAIN i=106 block=31 nodes={'226': (5, 1), '1648': (2, 1), '1697': (2, 1), '1715': (2, 1), '1815': (2, 1), '1833': (2, 1)} inputs={'226': [('225', True)], '1648': [('1647', True)], '1697': [('1696', True)], '1715': [('1714', True)], '1815': [('1814', True)], '1833': [('223', True)]}
MAIN i=107 block=32 nodes={'228': (1, 1), '229': (0, 1), '1649': (2, 1), '1716': (2, 1), '1816': (2, 1), '1834': (2, 1)} inputs={'228': [('226', True)], '229': [('1697', True)], '1649': [('1648', True)], '1716': [('1715', True)], '1816': [('1815', True)], '1834': [('1833', True)]}
MAIN i=108 block=32 nodes={'230': (5, 1), '1650': (2, 1), '1717': (2, 1), '1817': (2, 1), '1835': (2, 1), '1848': (2, 1)} inputs={'230': [('228', True)], '1650': [('1649', True)], '1717': [('1716', True)], '1817': [('1816', True)], '1835': [('1834', True)], '1848': [('229', True)]}
MAIN i=109 block=32 nodes={'231': (5, 1), '1651': (2, 1), '1718': (2, 1), '1818': (2, 1), '1836': (2, 1), '1849': (2, 1)} inputs={'231': [('230', True)], '1651': [('1650', True)], '1718': [('1717', True)], '1818': [('1817', True)], '1836': [('1835', True)], '1849': [('1848', True)]}
MAIN i=110 block=33 nodes={'232': (1, 1), '233': (0, 1), '1719': (2, 1), '1819': (2, 1), '1837': (2, 1), '1850': (2, 1)} inputs={'232': [('231', True)], '233': [('1651', True)], '1719': [('1718', True)], '1819': [('1818', True)], '1837': [('1836', True)], '1850': [('1849', True)]}
MAIN i=111 block=33 nodes={'234': (5, 1), '1720': (2, 1), '1820': (2, 1), '1838': (2, 1), '1851': (2, 1), '1853': (2, 1)} inputs={'234': [('232', True)], '1720': [('1719', True)], '1820': [('1819', True)], '1838': [('1837', True)], '1851': [('1850', True)], '1853': [('233', True)]}
MAIN i=112 block=33 nodes={'235': (5, 1), '1721': (2, 1), '1821': (2, 1), '1839': (2, 1), '1852': (2, 1), '1854': (2, 1)} inputs={'235': [('234', True)], '1721': [('1720', True)], '1821': [('1820', True)], '1839': [('1838', True)], '1852': [('1851', True)], '1854': [('1853', True)]}
MAIN i=113 block=34 nodes={'236': (1, 1), '237': (5, 1), '1722': (2, 1), '1822': (2, 1), '1840': (2, 1), '1855': (2, 1)} inputs={'236': [('235', True)], '237': [('1852', True)], '1722': [('1721', True)], '1822': [('1821', True)], '1840': [('1839', True)], '1855': [('1854', True)]}
MAIN i=114 block=34 nodes={'240': (5, 1), '239': (5, 1), '1723': (2, 1), '1823': (2, 1), '1841': (2, 1), '1856': (2, 1)} inputs={'240': [('236', True)], '239': [('237', True)], '1723': [('1722', True)], '1823': [('1822', True)], '1841': [('1840', True)], '1856': [('1855', True)]}
MAIN i=115 block=34 nodes={'241': (5, 1), '1724': (2, 1), '1824': (2, 1), '1842': (2, 1), '1857': (2, 1), '1858': (2, 1)} inputs={'241': [('240', True)], '1724': [('1723', True)], '1824': [('1823', True)], '1842': [('1841', True)], '1857': [('1856', True)], '1858': [('239', True)]}
MAIN i=116 block=35 nodes={'242': (1, 1), '243': (0, 1), '244': (1, 1), '1725': (2, 1), '1825': (2, 1), '1843': (2, 1)} inputs={'242': [('241', True)], '243': [('1857', True)], '244': [('1858', True)], '1725': [('1724', True)], '1825': [('1824', True)], '1843': [('1842', True)]}
MAIN i=117 block=35 nodes={'246': (5, 1), '248': (5, 1), '250': (5, 1), '1726': (2, 1), '1826': (2, 1), '1844': (2, 1)} inputs={'246': [('242', True)], '248': [('243', True)], '250': [('244', True)], '1726': [('1725', True)], '1826': [('1825', True)], '1844': [('1843', True)]}
MAIN i=118 block=35 nodes={'247': (5, 1), '249': (5, 2), '251': (5, 1), '1727': (2, 1), '1827': (2, 1), '1845': (2, 1)} inputs={'247': [('246', True)], '249': [('248', True)], '251': [('250', True)], '1727': [('1726', True)], '1827': [('1826', True)], '1845': [('1844', True)]}
MAIN i=118 block=35: MCTS tier returned None for every seed (ceiling_flag=0)
MAIN i=119 block=35 nodes={'255': (5, 1), '253': (1, 1), '1728': (2, 1), '1828': (2, 1), '1846': (2, 1), '1859': (2, 1)} inputs={'255': [('247', True)], '253': [('251', True), ('249', True)], '1728': [('1727', True)], '1828': [('1827', True)], '1846': [('1845', True)], '1859': [('249', True)]}
MAIN i=119 block=35: MCTS tier returned None for every seed (ceiling_flag=0)
MAIN i=120 block=35 nodes={'256': (5, 1), '1729': (2, 1), '1829': (2, 1), '1847': (2, 1), '1860': (2, 1), '1878': (2, 1)} inputs={'256': [('255', True)], '1729': [('1728', True)], '1829': [('1828', True)], '1847': [('1846', True)], '1860': [('1859', True)], '1878': [('253', True)]}
MAIN i=121 block=36 nodes={'258': (1, 1), '259': (0, 1), '1730': (2, 1), '1830': (2, 1), '1861': (2, 1), '1879': (2, 1)} inputs={'258': [('256', True)], '259': [('1847', True)], '1730': [('1729', True)], '1830': [('1829', True)], '1861': [('1860', True)], '1879': [('1878', True)]}
MAIN i=122 block=36 nodes={'260': (5, 1), '1731': (2, 1), '1831': (2, 1), '1862': (2, 1), '1880': (2, 1), '1893': (2, 1)} inputs={'260': [('258', True)], '1731': [('1730', True)], '1831': [('1830', True)], '1862': [('1861', True)], '1880': [('1879', True)], '1893': [('259', True)]}
MAIN i=123 block=36 nodes={'261': (5, 1), '1732': (2, 1), '1832': (2, 1), '1863': (2, 1), '1881': (2, 1), '1894': (2, 1)} inputs={'261': [('260', True)], '1732': [('1731', True)], '1832': [('1831', True)], '1863': [('1862', True)], '1881': [('1880', True)], '1894': [('1893', True)]}
MAIN i=124 block=37 nodes={'262': (1, 1), '263': (0, 1), '1733': (2, 1), '1864': (2, 1), '1882': (2, 1), '1895': (2, 1)} inputs={'262': [('261', True)], '263': [('1832', True)], '1733': [('1732', True)], '1864': [('1863', True)], '1882': [('1881', True)], '1895': [('1894', True)]}
MAIN i=125 block=37 nodes={'264': (5, 1), '1734': (2, 1), '1865': (2, 1), '1883': (2, 1), '1896': (2, 1), '1898': (2, 1)} inputs={'264': [('262', True)], '1734': [('1733', True)], '1865': [('1864', True)], '1883': [('1882', True)], '1896': [('1895', True)], '1898': [('263', True)]}
MAIN i=126 block=37 nodes={'265': (5, 1), '1735': (2, 1), '1866': (2, 1), '1884': (2, 1), '1897': (2, 1), '1899': (2, 1)} inputs={'265': [('264', True)], '1735': [('1734', True)], '1866': [('1865', True)], '1884': [('1883', True)], '1897': [('1896', True)], '1899': [('1898', True)]}
MAIN i=127 block=38 nodes={'266': (1, 1), '267': (5, 1), '1736': (2, 1), '1867': (2, 1), '1885': (2, 1), '1900': (2, 1)} inputs={'266': [('265', True)], '267': [('1897', True)], '1736': [('1735', True)], '1867': [('1866', True)], '1885': [('1884', True)], '1900': [('1899', True)]}
MAIN i=128 block=38 nodes={'270': (5, 1), '269': (5, 1), '1737': (2, 1), '1868': (2, 1), '1886': (2, 1), '1901': (2, 1)} inputs={'270': [('266', True)], '269': [('267', True)], '1737': [('1736', True)], '1868': [('1867', True)], '1886': [('1885', True)], '1901': [('1900', True)]}
MAIN i=129 block=38 nodes={'271': (5, 1), '1738': (2, 1), '1869': (2, 1), '1887': (2, 1), '1902': (2, 1), '1903': (2, 1)} inputs={'271': [('270', True)], '1738': [('1737', True)], '1869': [('1868', True)], '1887': [('1886', True)], '1902': [('1901', True)], '1903': [('269', True)]}
MAIN i=130 block=39 nodes={'272': (1, 1), '273': (0, 1), '274': (1, 1), '1739': (2, 1), '1870': (2, 1), '1888': (2, 1)} inputs={'272': [('271', True)], '273': [('1902', True)], '274': [('1903', True)], '1739': [('1738', True)], '1870': [('1869', True)], '1888': [('1887', True)]}
MAIN i=131 block=39 nodes={'276': (5, 1), '278': (5, 1), '280': (5, 1), '1740': (2, 1), '1871': (2, 1), '1889': (2, 1)} inputs={'276': [('272', True)], '278': [('273', True)], '280': [('274', True)], '1740': [('1739', True)], '1871': [('1870', True)], '1889': [('1888', True)]}
MAIN i=131 block=39: MCTS tier returned None for every seed (ceiling_flag=0)
MAIN i=132 block=39 nodes={'277': (5, 1), '279': (5, 2), '281': (5, 1), '1741': (2, 1), '1872': (2, 1), '1890': (2, 1)} inputs={'277': [('276', True)], '279': [('278', True)], '281': [('280', True)], '1741': [('1740', True)], '1872': [('1871', True)], '1890': [('1889', True)]}
MAIN i=133 block=39 nodes={'285': (5, 1), '283': (1, 1), '1742': (2, 1), '1873': (2, 1), '1891': (2, 1), '1904': (2, 1)} inputs={'285': [('277', True)], '283': [('281', True), ('279', True)], '1742': [('1741', True)], '1873': [('1872', True)], '1891': [('1890', True)], '1904': [('279', True)]}
MAIN i=134 block=39 nodes={'286': (5, 1), '1743': (2, 1), '1874': (2, 1), '1892': (2, 1), '1905': (2, 1), '1923': (2, 1)} inputs={'286': [('285', True)], '1743': [('1742', True)], '1874': [('1873', True)], '1892': [('1891', True)], '1905': [('1904', True)], '1923': [('283', True)]}
MAIN i=135 block=40 nodes={'288': (1, 1), '289': (0, 1), '1744': (2, 1), '1875': (2, 1), '1906': (2, 1), '1924': (2, 1)} inputs={'288': [('286', True)], '289': [('1892', True)], '1744': [('1743', True)], '1875': [('1874', True)], '1906': [('1905', True)], '1924': [('1923', True)]}
MAIN i=136 block=40 nodes={'290': (5, 1), '1745': (2, 1), '1876': (2, 1), '1907': (2, 1), '1925': (2, 1), '1938': (2, 1)} inputs={'290': [('288', True)], '1745': [('1744', True)], '1876': [('1875', True)], '1907': [('1906', True)], '1925': [('1924', True)], '1938': [('289', True)]}
MAIN i=137 block=40 nodes={'291': (5, 1), '1746': (2, 1), '1877': (2, 1), '1908': (2, 1), '1926': (2, 1), '1939': (2, 1)} inputs={'291': [('290', True)], '1746': [('1745', True)], '1877': [('1876', True)], '1908': [('1907', True)], '1926': [('1925', True)], '1939': [('1938', True)]}
MAIN i=138 block=41 nodes={'292': (1, 1), '293': (0, 1), '1747': (2, 1), '1909': (2, 1), '1927': (2, 1), '1940': (2, 1)} inputs={'292': [('291', True)], '293': [('1877', True)], '1747': [('1746', True)], '1909': [('1908', True)], '1927': [('1926', True)], '1940': [('1939', True)]}
MAIN i=139 block=41 nodes={'294': (5, 1), '1748': (2, 1), '1910': (2, 1), '1928': (2, 1), '1941': (2, 1), '1943': (2, 1)} inputs={'294': [('292', True)], '1748': [('1747', True)], '1910': [('1909', True)], '1928': [('1927', True)], '1941': [('1940', True)], '1943': [('293', True)]}
MAIN i=139 block=41: MCTS tier returned None for every seed (ceiling_flag=0)
MAIN i=140 block=41 nodes={'295': (5, 1), '1749': (2, 1), '1911': (2, 1), '1929': (2, 1), '1942': (2, 1), '1944': (2, 1)} inputs={'295': [('294', True)], '1749': [('1748', True)], '1911': [('1910', True)], '1929': [('1928', True)], '1942': [('1941', True)], '1944': [('1943', True)]}
MAIN i=141 block=42 nodes={'296': (1, 1), '297': (5, 1), '1750': (2, 1), '1912': (2, 1), '1930': (2, 1), '1945': (2, 1)} inputs={'296': [('295', True)], '297': [('1942', True)], '1750': [('1749', True)], '1912': [('1911', True)], '1930': [('1929', True)], '1945': [('1944', True)]}
MAIN i=142 block=42 nodes={'300': (5, 1), '299': (5, 1), '1751': (2, 1), '1913': (2, 1), '1931': (2, 1), '1946': (2, 1)} inputs={'300': [('296', True)], '299': [('297', True)], '1751': [('1750', True)], '1913': [('1912', True)], '1931': [('1930', True)], '1946': [('1945', True)]}
MAIN i=143 block=42 nodes={'301': (5, 1), '1752': (2, 1), '1914': (2, 1), '1932': (2, 1), '1947': (2, 1), '1948': (2, 1)} inputs={'301': [('300', True)], '1752': [('1751', True)], '1914': [('1913', True)], '1932': [('1931', True)], '1947': [('1946', True)], '1948': [('299', True)]}
MAIN i=144 block=43 nodes={'302': (1, 1), '303': (0, 1), '304': (1, 1), '1753': (2, 1), '1915': (2, 1), '1933': (2, 1)} inputs={'302': [('301', True)], '303': [('1947', True)], '304': [('1948', True)], '1753': [('1752', True)], '1915': [('1914', True)], '1933': [('1932', True)]}
MAIN i=145 block=43 nodes={'306': (5, 1), '308': (5, 1), '310': (5, 1), '1754': (2, 1), '1916': (2, 1), '1934': (2, 1)} inputs={'306': [('302', True)], '308': [('303', True)], '310': [('304', True)], '1754': [('1753', True)], '1916': [('1915', True)], '1934': [('1933', True)]}
MAIN i=146 block=43 nodes={'307': (5, 1), '309': (5, 2), '311': (5, 1), '1755': (2, 1), '1917': (2, 1), '1935': (2, 1)} inputs={'307': [('306', True)], '309': [('308', True)], '311': [('310', True)], '1755': [('1754', True)], '1917': [('1916', True)], '1935': [('1934', True)]}
MAIN i=146 block=43: MCTS tier returned None for every seed (ceiling_flag=0)
MAIN i=147 block=43 nodes={'315': (5, 1), '313': (1, 1), '1756': (2, 1), '1918': (2, 1), '1936': (2, 1), '1949': (2, 1)} inputs={'315': [('307', True)], '313': [('311', True), ('309', True)], '1756': [('1755', True)], '1918': [('1917', True)], '1936': [('1935', True)], '1949': [('309', True)]}
MAIN i=147 block=43: MCTS tier returned None for every seed (ceiling_flag=0)
MAIN i=148 block=43 nodes={'316': (5, 1), '1757': (2, 1), '1919': (2, 1), '1937': (2, 1), '1950': (2, 1), '1965': (2, 1)} inputs={'316': [('315', True)], '1757': [('1756', True)], '1919': [('1918', True)], '1937': [('1936', True)], '1950': [('1949', True)], '1965': [('313', True)]}
MAIN i=149 block=44 nodes={'318': (1, 1), '319': (0, 1), '1758': (2, 1), '1920': (2, 1), '1951': (2, 1), '1966': (2, 1)} inputs={'318': [('1965', True)], '319': [('1937', True)], '1758': [('1757', True)], '1920': [('1919', True)], '1951': [('1950', True)], '1966': [('316', True)]}
MAIN i=150 block=44 nodes={'320': (5, 1), '1759': (2, 1), '1921': (2, 1), '1952': (2, 1), '1967': (2, 1), '2040': (2, 1)} inputs={'320': [('318', True)], '1759': [('1758', True)], '1921': [('1920', True)], '1952': [('1951', True)], '1967': [('1966', True)], '2040': [('319', True)]}
MAIN i=151 block=44 nodes={'321': (5, 1), '1760': (2, 1), '1922': (2, 1), '1953': (2, 1), '1968': (2, 1), '2041': (2, 1)} inputs={'321': [('320', True)], '1760': [('1759', True)], '1922': [('1921', True)], '1953': [('1952', True)], '1968': [('1967', True)], '2041': [('2040', True)]}
MAIN i=152 block=45 nodes={'322': (1, 1), '323': (0, 1), '1761': (2, 1), '1954': (2, 1), '1969': (2, 1), '2042': (2, 1)} inputs={'322': [('321', True)], '323': [('1922', True)], '1761': [('1760', True)], '1954': [('1953', True)], '1969': [('1968', True)], '2042': [('2041', True)]}
MAIN i=153 block=45 nodes={'324': (5, 1), '1762': (2, 1), '1955': (2, 1), '1970': (2, 1), '2043': (2, 1), '2045': (2, 1)} inputs={'324': [('322', True)], '1762': [('1761', True)], '1955': [('1954', True)], '1970': [('1969', True)], '2043': [('2042', True)], '2045': [('323', True)]}
MAIN i=154 block=45 nodes={'325': (5, 1), '1763': (2, 1), '1956': (2, 1), '1971': (2, 1), '2044': (2, 1), '2046': (2, 1)} inputs={'325': [('324', True)], '1763': [('1762', True)], '1956': [('1955', True)], '1971': [('1970', True)], '2044': [('2043', True)], '2046': [('2045', True)]}
MAIN i=155 block=46 nodes={'326': (1, 1), '327': (5, 1), '1764': (2, 1), '1957': (2, 1), '1972': (2, 1), '2047': (2, 1)} inputs={'326': [('325', True)], '327': [('2044', True)], '1764': [('1763', True)], '1957': [('1956', True)], '1972': [('1971', True)], '2047': [('2046', True)]}
MAIN i=156 block=46 nodes={'330': (5, 1), '329': (5, 1), '1765': (2, 1), '1958': (2, 1), '1973': (2, 1), '2048': (2, 1)} inputs={'330': [('326', True)], '329': [('327', True)], '1765': [('1764', True)], '1958': [('1957', True)], '1973': [('1972', True)], '2048': [('2047', True)]}
MAIN i=157 block=46 nodes={'331': (5, 1), '1766': (2, 1), '1959': (2, 1), '1974': (2, 1), '2049': (2, 1), '2050': (2, 1)} inputs={'331': [('330', True)], '1766': [('1765', True)], '1959': [('1958', True)], '1974': [('1973', True)], '2049': [('2048', True)], '2050': [('329', True)]}
MAIN i=158 block=47 nodes={'332': (1, 1), '333': (0, 1), '334': (1, 1), '1767': (2, 1), '1960': (2, 1), '1975': (2, 1)} inputs={'332': [('331', True)], '333': [('2049', True)], '334': [('2050', True)], '1767': [('1766', True)], '1960': [('1959', True)], '1975': [('1974', True)]}
MAIN i=159 block=47 nodes={'336': (5, 1), '338': (5, 1), '340': (5, 1), '1768': (2, 1), '1961': (2, 1), '1976': (2, 1)} inputs={'336': [('332', True)], '338': [('333', True)], '340': [('334', True)], '1768': [('1767', True)], '1961': [('1960', True)], '1976': [('1975', True)]}
MAIN i=160 block=47 nodes={'337': (5, 1), '339': (5, 2), '341': (5, 1), '1769': (2, 1), '1962': (2, 1), '1977': (2, 1)} inputs={'337': [('336', True)], '339': [('338', True)], '341': [('340', True)], '1769': [('1768', True)], '1962': [('1961', True)], '1977': [('1976', True)]}
MAIN i=161 block=47 nodes={'345': (5, 1), '343': (1, 1), '1770': (2, 1), '1963': (2, 1), '1978': (2, 1), '2051': (2, 1)} inputs={'345': [('337', True)], '343': [('341', True), ('339', True)], '1770': [('1769', True)], '1963': [('1962', True)], '1978': [('1977', True)], '2051': [('339', True)]}
MAIN i=162 block=47 nodes={'346': (5, 1), '1771': (2, 1), '1964': (2, 1), '1979': (2, 1), '2052': (2, 1), '2059': (2, 1)} inputs={'346': [('345', True)], '1771': [('1770', True)], '1964': [('1963', True)], '1979': [('1978', True)], '2052': [('2051', True)], '2059': [('343', True)]}
MAIN i=163 block=48 nodes={'347': (1, 1), '348': (0, 1), '1772': (2, 1), '1980': (2, 1), '2053': (2, 1), '2060': (2, 1)} inputs={'347': [('346', True)], '348': [('1964', True)], '1772': [('1771', True)], '1980': [('1979', True)], '2053': [('2052', True)], '2060': [('2059', True)]}
MAIN i=164 block=48 nodes={'349': (5, 1), '1773': (2, 1), '1981': (2, 1), '2054': (2, 1), '2061': (2, 1), '2063': (2, 1)} inputs={'349': [('347', True)], '1773': [('1772', True)], '1981': [('1980', True)], '2054': [('2053', True)], '2061': [('2060', True)], '2063': [('348', True)]}
MAIN i=165 block=48 nodes={'350': (5, 1), '1774': (2, 1), '1982': (2, 1), '2055': (2, 1), '2062': (2, 1), '2064': (2, 1)} inputs={'350': [('349', True)], '1774': [('1773', True)], '1982': [('1981', True)], '2055': [('2054', True)], '2062': [('2061', True)], '2064': [('2063', True)]}
MAIN i=166 block=49 nodes={'352': (1, 1), '353': (0, 1), '1775': (2, 1), '1983': (2, 1), '2056': (2, 1), '2065': (2, 1)} inputs={'352': [('350', True)], '353': [('2062', True)], '1775': [('1774', True)], '1983': [('1982', True)], '2056': [('2055', True)], '2065': [('2064', True)]}
MAIN i=167 block=49 nodes={'354': (5, 1), '1776': (2, 1), '1984': (2, 1), '2057': (2, 1), '2066': (2, 1), '2079': (2, 1)} inputs={'354': [('352', True)], '1776': [('1775', True)], '1984': [('1983', True)], '2057': [('2056', True)], '2066': [('2065', True)], '2079': [('353', True)]}
MAIN i=168 block=49 nodes={'355': (5, 1), '1777': (2, 1), '1985': (2, 1), '2058': (2, 1), '2067': (2, 1), '2080': (2, 1)} inputs={'355': [('354', True)], '1777': [('1776', True)], '1985': [('1984', True)], '2058': [('2057', True)], '2067': [('2066', True)], '2080': [('2079', True)]}
MAIN i=169 block=50 nodes={'356': (1, 1), '357': (0, 1), '1778': (2, 1), '1986': (2, 1), '2068': (2, 1), '2081': (2, 1)} inputs={'356': [('355', True)], '357': [('2058', True)], '1778': [('1777', True)], '1986': [('1985', True)], '2068': [('2067', True)], '2081': [('2080', True)]}
MAIN i=170 block=50 nodes={'358': (5, 1), '1779': (2, 1), '1987': (2, 1), '2069': (2, 1), '2082': (2, 1), '2084': (2, 1)} inputs={'358': [('356', True)], '1779': [('1778', True)], '1987': [('1986', True)], '2069': [('2068', True)], '2082': [('2081', True)], '2084': [('357', True)]}
MAIN i=171 block=50 nodes={'359': (5, 1), '1780': (2, 1), '1988': (2, 1), '2070': (2, 1), '2083': (2, 1), '2085': (2, 1)} inputs={'359': [('358', True)], '1780': [('1779', True)], '1988': [('1987', True)], '2070': [('2069', True)], '2083': [('2082', True)], '2085': [('2084', True)]}
MAIN i=172 block=51 nodes={'360': (1, 1), '361': (0, 1), '1781': (2, 1), '1989': (2, 1), '2071': (2, 1), '2086': (2, 1)} inputs={'360': [('359', True)], '361': [('2083', True)], '1781': [('1780', True)], '1989': [('1988', True)], '2071': [('2070', True)], '2086': [('2085', True)]}
MAIN i=173 block=51 nodes={'362': (5, 1), '1782': (2, 1), '1990': (2, 1), '2072': (2, 1), '2087': (2, 1), '2089': (2, 1)} inputs={'362': [('360', True)], '1782': [('1781', True)], '1990': [('1989', True)], '2072': [('2071', True)], '2087': [('2086', True)], '2089': [('361', True)]}
MAIN i=174 block=51 nodes={'363': (5, 1), '1783': (2, 1), '1991': (2, 1), '2073': (2, 1), '2088': (2, 1), '2090': (2, 1)} inputs={'363': [('362', True)], '1783': [('1782', True)], '1991': [('1990', True)], '2073': [('2072', True)], '2088': [('2087', True)], '2090': [('2089', True)]}
MAIN i=175 block=52 nodes={'364': (1, 1), '365': (0, 1), '366': (1, 1), '1784': (2, 1), '1992': (2, 1), '2074': (2, 1)} inputs={'364': [('363', True)], '365': [('2088', True)], '366': [('2090', True)], '1784': [('1783', True)], '1992': [('1991', True)], '2074': [('2073', True)]}
MAIN i=176 block=52 nodes={'368': (5, 1), '370': (5, 1), '372': (5, 1), '1785': (2, 1), '1993': (2, 1), '2075': (2, 1)} inputs={'368': [('364', True)], '370': [('365', True)], '372': [('366', True)], '1785': [('1784', True)], '1993': [('1992', True)], '2075': [('2074', True)]}
MAIN i=177 block=52 nodes={'369': (5, 1), '371': (5, 2), '373': (5, 1), '1786': (2, 1), '1994': (2, 1), '2076': (2, 1)} inputs={'369': [('368', True)], '371': [('370', True)], '373': [('372', True)], '1786': [('1785', True)], '1994': [('1993', True)], '2076': [('2075', True)]}
MAIN i=178 block=52 nodes={'377': (5, 1), '375': (1, 1), '1787': (2, 1), '1995': (2, 1), '2077': (2, 1), '2091': (2, 1)} inputs={'377': [('369', True)], '375': [('373', True), ('371', True)], '1787': [('1786', True)], '1995': [('1994', True)], '2077': [('2076', True)], '2091': [('371', True)]}
MAIN i=178 block=52: MCTS tier returned None for every seed (ceiling_flag=0)
MAIN i=179 block=52 nodes={'378': (5, 1), '379': (5, 1), '1788': (2, 1), '1996': (2, 1), '2078': (2, 1), '2092': (2, 1)} inputs={'378': [('377', True)], '379': [('375', True)], '1788': [('1787', True)], '1996': [('1995', True)], '2078': [('2077', True)], '2092': [('2091', True)]}
MAIN i=180 block=53 nodes={'380': (5, 1), '381': (1, 1), '382': (0, 1), '384': (5, 2), '1789': (2, 1), '1997': (2, 1)} inputs={'380': [('379', True)], '381': [('378', True)], '382': [('2078', True)], '384': [('2092', True)], '1789': [('1788', True)], '1997': [('1996', True)]}
MAIN i=181 block=53 nodes={'389': (5, 1), '383': (1, 1), '386': (5, 1), '1790': (2, 1), '1998': (2, 1), '2093': (2, 1)} inputs={'389': [('381', True)], '383': [('382', True), ('384', True)], '386': [('384', True)], '1790': [('1789', True)], '1998': [('1997', True)], '2093': [('380', True)]}
MAIN i=181 block=53: MCTS tier returned None for every seed (ceiling_flag=0)
MAIN i=182 block=53 nodes={'390': (5, 1), '387': (5, 1), '1791': (2, 1), '1999': (2, 1), '2094': (2, 1), '2098': (2, 1)} inputs={'390': [('389', True)], '387': [('383', True)], '1791': [('1790', True)], '1999': [('1998', True)], '2094': [('2093', True)], '2098': [('386', True)]}
MAIN i=183 block=53 nodes={'388': (5, 1), '1792': (2, 1), '2000': (2, 1), '2095': (2, 1), '2099': (2, 1), '2105': (2, 1)} inputs={'388': [('387', True)], '1792': [('1791', True)], '2000': [('1999', True)], '2095': [('2094', True)], '2099': [('2098', True)], '2105': [('390', True)]}
MAIN i=184 block=53 nodes={'392': (5, 1), '1793': (2, 1), '2001': (2, 1), '2096': (2, 1), '2100': (2, 1), '2106': (2, 1)} inputs={'392': [('388', True)], '1793': [('1792', True)], '2001': [('2000', True)], '2096': [('2095', True)], '2100': [('2099', True)], '2106': [('2105', True)]}
MAIN i=185 block=53 nodes={'393': (5, 1), '1794': (2, 1), '2002': (2, 1), '2097': (2, 1), '2101': (2, 1), '2107': (2, 1)} inputs={'393': [('392', True)], '1794': [('1793', True)], '2002': [('2001', True)], '2097': [('2096', True)], '2101': [('2100', True)], '2107': [('2106', True)]}
MAIN i=186 block=54 nodes={'395': (1, 1), '396': (0, 1), '1795': (2, 1), '2003': (2, 1), '2102': (2, 1), '2108': (2, 1)} inputs={'395': [('393', True)], '396': [('2097', True)], '1795': [('1794', True)], '2003': [('2002', True)], '2102': [('2101', True)], '2108': [('2107', True)]}
MAIN i=187 block=54 nodes={'398': (5, 1), '1796': (2, 1), '2004': (2, 1), '2103': (2, 1), '2109': (2, 1), '2148': (2, 1)} inputs={'398': [('395', True)], '1796': [('1795', True)], '2004': [('2003', True)], '2103': [('2102', True)], '2109': [('2108', True)], '2148': [('396', True)]}
MAIN i=188 block=54 nodes={'399': (5, 1), '1797': (2, 1), '2005': (2, 1), '2104': (2, 1), '2110': (2, 1), '2149': (2, 1)} inputs={'399': [('398', True)], '1797': [('1796', True)], '2005': [('2004', True)], '2104': [('2103', True)], '2110': [('2109', True)], '2149': [('2148', True)]}
MAIN i=189 block=55 nodes={'402': (1, 1), '403': (0, 2), '404': (5, 1), '1798': (2, 1), '2006': (2, 1), '2111': (2, 1)} inputs={'402': [('2149', True)], '403': [('2104', True)], '404': [('399', True)], '1798': [('1797', True)], '2006': [('2005', True)], '2111': [('2110', True)]}
MAIN i=190 block=55 nodes={'406': (5, 1), '408': (1, 2), '412': (5, 2), '405': (5, 1), '1799': (2, 1), '2007': (2, 1), '2112': (2, 1)} inputs={'406': [('402', True)], '408': [('403', True)], '412': [('403', True)], '405': [('404', True)], '1799': [('1798', True)], '2007': [('2006', True)], '2112': [('2111', True)]}
MAIN i=191 block=55 nodes={'407': (5, 0), '413': (5, 1), '411': (1, 1), '416': (5, 1), '1800': (2, 1), '2008': (2, 1), '2113': (2, 1)} inputs={'407': [('406', True), ('408', True)], '413': [('408', True)], '411': [('405', True), ('412', True)], '416': [('412', True)], '1800': [('1799', True)], '2008': [('2007', True)], '2113': [('2112', True)]}
MAIN i=191 block=55: MCTS tier returned None for every seed (ceiling_flag=0)
MAIN i=191 block=55: ceiling-retry tier returned None too -> gate-by-gate FALLBACK
FALLBACK block=55 at outer i=191: block_range=[210, 228] rows_=[0, 1, 2, 3, 4, 5, 6, 7, 8, 9, 10, 11, 12, 13, 14, 15]
  j=1/15 block=55 nodes={'402': (1, 1), '403': (0, 1), '1272': (2, 1), '1287': (2, 1), '1302': (2, 1), '1317': (2, 1)}
  j=1 block=55 embedded by MCTS/ceiling tier; state has 17 nodes
  j=2/15 block=55 nodes={'404': (5, 1), '406': (5, 1), '1273': (2, 1), '1288': (2, 1), '1303': (2, 1), '1318': (2, 1)}
  j=2 block=55 embedded by MCTS/ceiling tier; state has 23 nodes
  j=3/15 block=55 nodes={'405': (5, 1), '407': (5, 1), '1274': (2, 1), '1289': (2, 1), '1304': (2, 1), '1319': (2, 1)}
  j=3 block=55 embedded by MCTS/ceiling tier; state has 29 nodes
  j=4/15 block=55 nodes={'408': (1, 1), '409': (0, 1), '1275': (2, 1), '1290': (2, 1), '1305': (2, 1), '1320': (2, 1)}
  j=4 block=55 embedded by MCTS/ceiling tier; state has 35 nodes
  j=5/15 block=55 nodes={'411': (1, 1), '412': (0, 1), '1276': (2, 1), '1291': (2, 1), '1306': (2, 1), '1321': (2, 1)}
  j=5 block=55 embedded by MCTS/ceiling tier; state has 41 nodes
  j=6/15 block=55 nodes={'413': (5, 1), '415': (5, 1), '418': (5, 1), '1277': (2, 1), '1292': (2, 1), '1307': (2, 1)}
  j=6 block=55 embedded by MCTS/ceiling tier; state has 47 nodes
  j=7/15 block=55 nodes={'414': (5, 1), '416': (5, 1), '419': (5, 1), '1278': (2, 1), '1293': (2, 1), '1308': (2, 1)}
  j=7 block=55 embedded by MCTS/ceiling tier; state has 53 nodes
  j=8/15 block=55 nodes={'421': (5, 1), '1279': (2, 1), '1294': (2, 1), '1309': (2, 1), '1322': (2, 1), '1324': (2, 1)}
  j=8 block=55 embedded by MCTS/ceiling tier; state has 59 nodes
  j=9/15 block=55 nodes={'422': (5, 1), '1280': (2, 1), '1295': (2, 1), '1310': (2, 1), '1323': (2, 1), '1325': (2, 1)}
  j=9 block=55 embedded by MCTS/ceiling tier; state has 65 nodes
  j=10/15 block=55 nodes={'423': (1, 1), '424': (0, 1), '1281': (2, 1), '1296': (2, 1), '1311': (2, 1), '1326': (2, 1)}
  j=10 block=55 embedded by MCTS/ceiling tier; state has 71 nodes
  j=11/15 block=55 nodes={'425': (5, 1), '1282': (2, 1), '1297': (2, 1), '1312': (2, 1), '1327': (2, 1), '1332': (2, 1)}
  j=11 block=55 embedded by MCTS/ceiling tier; state has 77 nodes
  j=12/15 block=55 nodes={'426': (5, 1), '428': (5, 1), '1283': (2, 1), '1298': (2, 1), '1313': (2, 1), '1328': (2, 1)}
  j=12 block=55 embedded by MCTS/ceiling tier; state has 83 nodes
  j=13/15 block=55 nodes={'429': (5, 1), '1284': (2, 1), '1299': (2, 1), '1314': (2, 1), '1329': (2, 1), '1333': (2, 1)}
  j=13 block=55 embedded by MCTS/ceiling tier; state has 89 nodes
  j=14/15 block=55 nodes={'431': (5, 1), '1285': (2, 1), '1300': (2, 1), '1315': (2, 1), '1330': (2, 1), '1334': (2, 1)}
  j=14 block=55 embedded by MCTS/ceiling tier; state has 95 nodes
  j=15/15 block=55 nodes={'432': (5, 0), '1286': (2, 0), '1301': (2, 0), '1316': (2, 0), '1331': (2, 0), '1335': (2, 0)}
  j=15 block=55 embedded by MCTS/ceiling tier; state has 101 nodes
outer i=192 block=55 SKIPPED (fallback already did this block)
outer i=193 block=55 SKIPPED (fallback already did this block)
outer i=194 block=55 SKIPPED (fallback already did this block)
outer i=195 block=55 SKIPPED (fallback already did this block)
outer i=196 block=55 SKIPPED (fallback already did this block)
outer i=197 block=55 SKIPPED (fallback already did this block)
outer i=198 block=55 SKIPPED (fallback already did this block)
outer i=199 block=56 leaving fallback-done block 55, input_mapping_flag=1
MAIN i=199 block=56 nodes={'433': (1, 1), '434': (0, 1), '2016': (2, 1), '2121': (2, 1), '2157': (2, 1), '2170': (2, 1)} inputs={'433': [('1286_55', True)], '434': [('432_55', True)], '2016': [('1301_55', True)], '2121': [('1316_55', True)], '2157': [('1331_55', True)], '2170': [('1335_55', True)]}
MAIN i=200 block=56 nodes={'435': (5, 1), '2017': (2, 1), '2122': (2, 1), '2158': (2, 1), '2171': (2, 1), '2173': (2, 1)} inputs={'435': [('433', True)], '2017': [('2016', True)], '2122': [('2121', True)], '2158': [('2157', True)], '2171': [('2170', True)], '2173': [('434', True)]}
MAIN i=201 block=56 nodes={'436': (5, 1), '2018': (2, 1), '2123': (2, 1), '2159': (2, 1), '2172': (2, 1), '2174': (2, 1)} inputs={'436': [('435', True)], '2018': [('2017', True)], '2123': [('2122', True)], '2159': [('2158', True)], '2172': [('2171', True)], '2174': [('2173', True)]}
MAIN i=202 block=57 nodes={'437': (1, 1), '438': (0, 1), '2019': (2, 1), '2124': (2, 1), '2160': (2, 1), '2175': (2, 1)} inputs={'437': [('436', True)], '438': [('2172', True)], '2019': [('2018', True)], '2124': [('2123', True)], '2160': [('2159', True)], '2175': [('2174', True)]}
MAIN i=203 block=57 nodes={'439': (5, 1), '2020': (2, 1), '2125': (2, 1), '2161': (2, 1), '2176': (2, 1), '2178': (2, 1)} inputs={'439': [('437', True)], '2020': [('2019', True)], '2125': [('2124', True)], '2161': [('2160', True)], '2176': [('2175', True)], '2178': [('438', True)]}
MAIN i=204 block=57 nodes={'440': (5, 1), '2021': (2, 1), '2126': (2, 1), '2162': (2, 1), '2177': (2, 1), '2179': (2, 1)} inputs={'440': [('439', True)], '2021': [('2020', True)], '2126': [('2125', True)], '2162': [('2161', True)], '2177': [('2176', True)], '2179': [('2178', True)]}
MAIN i=205 block=58 nodes={'441': (1, 1), '442': (0, 1), '2022': (2, 1), '2127': (2, 1), '2163': (2, 1), '2180': (2, 1)} inputs={'441': [('440', True)], '442': [('2177', True)], '2022': [('2021', True)], '2127': [('2126', True)], '2163': [('2162', True)], '2180': [('2179', True)]}
MAIN i=206 block=58 nodes={'443': (5, 1), '2023': (2, 1), '2128': (2, 1), '2164': (2, 1), '2181': (2, 1), '2189': (2, 1)} inputs={'443': [('441', True)], '2023': [('2022', True)], '2128': [('2127', True)], '2164': [('2163', True)], '2181': [('2180', True)], '2189': [('442', True)]}
MAIN i=207 block=58 nodes={'444': (5, 1), '2024': (2, 1), '2129': (2, 1), '2165': (2, 1), '2182': (2, 1), '2190': (2, 1)} inputs={'444': [('443', True)], '2024': [('2023', True)], '2129': [('2128', True)], '2165': [('2164', True)], '2182': [('2181', True)], '2190': [('2189', True)]}
MAIN i=208 block=59 nodes={'445': (1, 1), '446': (0, 1), '2025': (2, 1), '2130': (2, 1), '2183': (2, 1), '2191': (2, 1)} inputs={'445': [('444', True)], '446': [('2165', True)], '2025': [('2024', True)], '2130': [('2129', True)], '2183': [('2182', True)], '2191': [('2190', True)]}
MAIN i=209 block=59 nodes={'447': (5, 1), '2026': (2, 1), '2131': (2, 1), '2184': (2, 1), '2192': (2, 1), '2194': (2, 1)} inputs={'447': [('445', True)], '2026': [('2025', True)], '2131': [('2130', True)], '2184': [('2183', True)], '2192': [('2191', True)], '2194': [('446', True)]}
MAIN i=210 block=59 nodes={'448': (5, 1), '2027': (2, 1), '2132': (2, 1), '2185': (2, 1), '2193': (2, 1), '2195': (2, 1)} inputs={'448': [('447', True)], '2027': [('2026', True)], '2132': [('2131', True)], '2185': [('2184', True)], '2193': [('2192', True)], '2195': [('2194', True)]}
MAIN i=211 block=60 nodes={'449': (1, 1), '450': (0, 1), '2028': (2, 1), '2133': (2, 1), '2186': (2, 1), '2196': (2, 1)} inputs={'449': [('448', True)], '450': [('2193', True)], '2028': [('2027', True)], '2133': [('2132', True)], '2186': [('2185', True)], '2196': [('2195', True)]}
MAIN i=212 block=60 nodes={'451': (5, 1), '2029': (2, 1), '2134': (2, 1), '2187': (2, 1), '2197': (2, 1), '2205': (2, 1)} inputs={'451': [('449', True)], '2029': [('2028', True)], '2134': [('2133', True)], '2187': [('2186', True)], '2197': [('2196', True)], '2205': [('450', True)]}
MAIN i=213 block=60 nodes={'452': (5, 1), '2030': (2, 1), '2135': (2, 1), '2188': (2, 1), '2198': (2, 1), '2206': (2, 1)} inputs={'452': [('451', True)], '2030': [('2029', True)], '2135': [('2134', True)], '2188': [('2187', True)], '2198': [('2197', True)], '2206': [('2205', True)]}
MAIN i=214 block=61 nodes={'453': (1, 1), '454': (5, 1), '2031': (2, 1), '2136': (2, 1), '2199': (2, 1), '2207': (2, 1)} inputs={'453': [('452', True)], '454': [('2188', True)], '2031': [('2030', True)], '2136': [('2135', True)], '2199': [('2198', True)], '2207': [('2206', True)]}
MAIN i=215 block=61 nodes={'457': (5, 1), '456': (5, 1), '2032': (2, 1), '2137': (2, 1), '2200': (2, 1), '2208': (2, 1)} inputs={'457': [('453', True)], '456': [('454', True)], '2032': [('2031', True)], '2137': [('2136', True)], '2200': [('2199', True)], '2208': [('2207', True)]}
MAIN i=216 block=61 nodes={'458': (5, 1), '2033': (2, 1), '2138': (2, 1), '2201': (2, 1), '2209': (2, 1), '2210': (2, 1)} inputs={'458': [('457', True)], '2033': [('2032', True)], '2138': [('2137', True)], '2201': [('2200', True)], '2209': [('2208', True)], '2210': [('456', True)]}
MAIN i=217 block=62 nodes={'459': (1, 1), '460': (5, 1), '2034': (2, 1), '2139': (2, 1), '2202': (2, 1), '2211': (2, 1)} inputs={'459': [('458', True)], '460': [('2209', True)], '2034': [('2033', True)], '2139': [('2138', True)], '2202': [('2201', True)], '2211': [('2210', True)]}
MAIN i=218 block=62 nodes={'463': (5, 1), '462': (5, 1), '2035': (2, 1), '2140': (2, 1), '2203': (2, 1), '2212': (2, 1)} inputs={'463': [('459', True)], '462': [('460', True)], '2035': [('2034', True)], '2140': [('2139', True)], '2203': [('2202', True)], '2212': [('2211', True)]}
MAIN i=219 block=62 nodes={'464': (5, 1), '2036': (2, 1), '2141': (2, 1), '2204': (2, 1), '2213': (2, 1), '2214': (2, 1)} inputs={'464': [('463', True)], '2036': [('2035', True)], '2141': [('2140', True)], '2204': [('2203', True)], '2213': [('2212', True)], '2214': [('462', True)]}
MAIN i=220 block=63 nodes={'465': (1, 1), '466': (5, 1), '470': (1, 2), '2037': (2, 1), '2142': (2, 1), '2215': (2, 1)} inputs={'465': [('464', True)], '466': [('2204', True)], '470': [('2213', True)], '2037': [('2036', True)], '2142': [('2141', True)], '2215': [('2214', True)]}
MAIN i=221 block=63 nodes={'472': (5, 1), '468': (5, 1), '474': (5, 1), '2038': (2, 1), '2143': (2, 1), '2216': (2, 1)} inputs={'472': [('465', True)], '468': [('466', True), ('470', True)], '474': [('470', True)], '2038': [('2037', True)], '2143': [('2142', True)], '2216': [('2215', True)]}
MAIN i=221 block=63: MCTS tier returned None for every seed (ceiling_flag=0)
MAIN i=222 block=63 nodes={'473': (5, 1), '2039': (2, 1), '2144': (2, 1), '2217': (2, 1), '2218': (2, 1), '2219': (2, 1)} inputs={'473': [('472', True)], '2039': [('2038', True)], '2144': [('2143', True)], '2217': [('2216', True)], '2218': [('468', True)], '2219': [('474', True)]}
MAIN i=223 block=64 nodes={'475': (5, 1), '478': (0, 2), '479': (1, 1), '480': (0, 1), '481': (1, 2), '2145': (2, 1)} inputs={'475': [('2219', True)], '478': [('2218', True)], '479': [('473', True)], '480': [('2039', True)], '481': [('2217', True)], '2145': [('2144', True)]}
MAIN i=224 block=64 nodes={'477': (1, 0), '483': (5, 1), '482': (0, 1), '2146': (2, 1), '2220': (2, 1), '2222': (2, 1), '2227': (2, 1)} inputs={'477': [('475', True), ('478', True)], '483': [('479', True)], '482': [('481', True)], '2146': [('2145', True)], '2220': [('478', True)], '2222': [('480', True)], '2227': [('481', True)]}
MAIN i=225 block=64 nodes={'484': (5, 1), '2147': (2, 1), '2221': (2, 1), '2223': (2, 1), '2228': (2, 1), '2229': (2, 1)} inputs={'484': [('483', True)], '2147': [('2146', True)], '2221': [('2220', True)], '2223': [('2222', True)], '2228': [('2227', True)], '2229': [('482', True)]}
MAIN i=226 block=65 nodes={'485': (5, 1), '487': (1, 1), '488': (0, 1), '490': (0, 2), '2224': (2, 1), '2230': (2, 1)} inputs={'485': [('2228', True)], '487': [('484', True)], '488': [('2147', True)], '490': [('2221', True)], '2224': [('2223', True)], '2230': [('2229', True)]}
MAIN i=227 block=65 nodes={'486': (5, 0), '491': (5, 1), '489': (1, 1), '2225': (2, 1), '2231': (2, 1), '2233': (2, 1), '2239': (2, 1)} inputs={'486': [('485', True)], '491': [('487', True)], '489': [('490', True)], '2225': [('2224', True)], '2231': [('2230', True)], '2233': [('488', True)], '2239': [('490', True)]}
MAIN i=228 block=65 nodes={'492': (5, 1), '2226': (2, 1), '2232': (2, 1), '2234': (2, 1), '2238': (2, 1), '2240': (2, 1)} inputs={'492': [('491', True)], '2226': [('2225', True)], '2232': [('2231', True)], '2234': [('2233', True)], '2238': [('489', True)], '2240': [('2239', True)]}
MAIN i=229 block=66 nodes={'493': (5, 1), '495': (1, 1), '496': (5, 1), '498': (0, 2), '2235': (2, 1), '2241': (2, 1)} inputs={'493': [('2238', True)], '495': [('492', True)], '496': [('2226', True)], '498': [('2232', True)], '2235': [('2234', True)], '2241': [('2240', True)]}
MAIN i=230 block=66 nodes={'494': (5, 0), '501': (5, 1), '500': (5, 1), '497': (1, 1), '2236': (2, 1), '2242': (2, 1), '2245': (2, 1)} inputs={'494': [('493', True)], '501': [('495', True)], '500': [('496', True)], '497': [('498', True)], '2236': [('2235', True)], '2242': [('2241', True)], '2245': [('498', True)]}
MAIN i=231 block=66 nodes={'502': (5, 1), '2237': (2, 1), '2243': (2, 1), '2244': (2, 1), '2246': (2, 1), '2257': (2, 1)} inputs={'502': [('501', True)], '2237': [('2236', True)], '2243': [('2242', True)], '2244': [('497', True)], '2246': [('2245', True)], '2257': [('500', True)]}
MAIN i=232 block=67 nodes={'503': (5, 1), '505': (1, 1), '506': (0, 1), '508': (0, 2), '509': (1, 1), '2247': (2, 1)} inputs={'503': [('2244', True)], '505': [('502', True)], '506': [('2237', True)], '508': [('2243', True)], '509': [('2257', True)], '2247': [('2246', True)]}
MAIN i=233 block=67 nodes={'504': (5, 0), '511': (5, 1), '513': (5, 1), '507': (1, 1), '515': (5, 1), '2248': (2, 1), '2263': (2, 1)} inputs={'504': [('503', True)], '511': [('505', True)], '513': [('506', True)], '507': [('508', True)], '515': [('509', True)], '2248': [('2247', True)], '2263': [('508', True)]}
MAIN i=233 block=67: MCTS tier returned None for every seed (ceiling_flag=0)
MAIN i=234 block=67 nodes={'512': (5, 1), '514': (5, 2), '516': (5, 1), '2249': (2, 1), '2258': (2, 1), '2264': (2, 1)} inputs={'512': [('511', True)], '514': [('513', True)], '516': [('515', True)], '2249': [('2248', True)], '2258': [('507', True)], '2264': [('2263', True)]}
MAIN i=235 block=67 nodes={'520': (5, 1), '518': (1, 1), '2250': (2, 1), '2259': (2, 1), '2265': (2, 1), '2278': (2, 1)} inputs={'520': [('512', True)], '518': [('516', True), ('514', True)], '2250': [('2249', True)], '2259': [('2258', True)], '2265': [('2264', True)], '2278': [('514', True)]}
MAIN i=236 block=67 nodes={'521': (5, 1), '2251': (2, 1), '2260': (2, 1), '2266': (2, 1), '2279': (2, 1), '2309': (2, 1)} inputs={'521': [('520', True)], '2251': [('2250', True)], '2260': [('2259', True)], '2266': [('2265', True)], '2279': [('2278', True)], '2309': [('518', True)]}
MAIN i=237 block=67 nodes={'523': (5, 1), '2252': (2, 1), '2261': (2, 1), '2267': (2, 1), '2280': (2, 1), '2310': (2, 1)} inputs={'523': [('521', True)], '2252': [('2251', True)], '2261': [('2260', True)], '2267': [('2266', True)], '2280': [('2279', True)], '2310': [('2309', True)]}
MAIN i=238 block=67 nodes={'524': (5, 1), '2253': (2, 1), '2262': (2, 1), '2268': (2, 1), '2281': (2, 1), '2311': (2, 1)} inputs={'524': [('523', True)], '2253': [('2252', True)], '2262': [('2261', True)], '2268': [('2267', True)], '2281': [('2280', True)], '2311': [('2310', True)]}
MAIN i=239 block=68 nodes={'525': (1, 1), '526': (0, 1), '2254': (2, 1), '2269': (2, 1), '2282': (2, 1), '2312': (2, 1)} inputs={'525': [('524', True)], '526': [('2262', True)], '2254': [('2253', True)], '2269': [('2268', True)], '2282': [('2281', True)], '2312': [('2311', True)]}
MAIN i=240 block=68 nodes={'527': (5, 1), '2255': (2, 1), '2270': (2, 1), '2283': (2, 1), '2313': (2, 1), '2336': (2, 1)} inputs={'527': [('525', True)], '2255': [('2254', True)], '2270': [('2269', True)], '2283': [('2282', True)], '2313': [('2312', True)], '2336': [('526', True)]}
MAIN i=240 block=68: MCTS tier returned None for every seed (ceiling_flag=0)
MAIN i=241 block=68 nodes={'528': (5, 1), '2256': (2, 1), '2271': (2, 1), '2284': (2, 1), '2314': (2, 1), '2337': (2, 1)} inputs={'528': [('527', True)], '2256': [('2255', True)], '2271': [('2270', True)], '2284': [('2283', True)], '2314': [('2313', True)], '2337': [('2336', True)]}
MAIN i=242 block=69 nodes={'529': (1, 1), '530': (0, 1), '2272': (2, 1), '2285': (2, 1), '2315': (2, 1), '2338': (2, 1)} inputs={'529': [('528', True)], '530': [('2256', True)], '2272': [('2271', True)], '2285': [('2284', True)], '2315': [('2314', True)], '2338': [('2337', True)]}
MAIN i=243 block=69 nodes={'531': (5, 1), '2273': (2, 1), '2286': (2, 1), '2316': (2, 1), '2339': (2, 1), '2341': (2, 1)} inputs={'531': [('529', True)], '2273': [('2272', True)], '2286': [('2285', True)], '2316': [('2315', True)], '2339': [('2338', True)], '2341': [('530', True)]}
MAIN i=244 block=69 nodes={'532': (5, 1), '2274': (2, 1), '2287': (2, 1), '2317': (2, 1), '2340': (2, 1), '2342': (2, 1)} inputs={'532': [('531', True)], '2274': [('2273', True)], '2287': [('2286', True)], '2317': [('2316', True)], '2340': [('2339', True)], '2342': [('2341', True)]}
MAIN i=245 block=70 nodes={'533': (1, 1), '534': (0, 1), '2275': (2, 1), '2288': (2, 1), '2318': (2, 1), '2343': (2, 1)} inputs={'533': [('532', True)], '534': [('2340', True)], '2275': [('2274', True)], '2288': [('2287', True)], '2318': [('2317', True)], '2343': [('2342', True)]}
MAIN i=246 block=70 nodes={'535': (5, 1), '2276': (2, 1), '2289': (2, 1), '2319': (2, 1), '2344': (2, 1), '2352': (2, 1)} inputs={'535': [('533', True)], '2276': [('2275', True)], '2289': [('2288', True)], '2319': [('2318', True)], '2344': [('2343', True)], '2352': [('534', True)]}
MAIN i=247 block=70 nodes={'536': (5, 1), '2277': (2, 1), '2290': (2, 1), '2320': (2, 1), '2345': (2, 1), '2353': (2, 1)} inputs={'536': [('535', True)], '2277': [('2276', True)], '2290': [('2289', True)], '2320': [('2319', True)], '2345': [('2344', True)], '2353': [('2352', True)]}
MAIN i=248 block=71 nodes={'537': (1, 1), '538': (0, 1), '2291': (2, 1), '2321': (2, 1), '2346': (2, 1), '2354': (2, 1)} inputs={'537': [('536', True)], '538': [('2277', True)], '2291': [('2290', True)], '2321': [('2320', True)], '2346': [('2345', True)], '2354': [('2353', True)]}
MAIN i=249 block=71 nodes={'539': (5, 1), '2292': (2, 1), '2322': (2, 1), '2347': (2, 1), '2355': (2, 1), '2357': (2, 1)} inputs={'539': [('537', True)], '2292': [('2291', True)], '2322': [('2321', True)], '2347': [('2346', True)], '2355': [('2354', True)], '2357': [('538', True)]}
MAIN i=249 block=71: MCTS tier returned None for every seed (ceiling_flag=0)
MAIN i=250 block=71 nodes={'540': (5, 1), '2293': (2, 1), '2323': (2, 1), '2348': (2, 1), '2356': (2, 1), '2358': (2, 1)} inputs={'540': [('539', True)], '2293': [('2292', True)], '2323': [('2322', True)], '2348': [('2347', True)], '2356': [('2355', True)], '2358': [('2357', True)]}
MAIN i=251 block=72 nodes={'541': (1, 1), '542': (0, 1), '2294': (2, 1), '2324': (2, 1), '2349': (2, 1), '2359': (2, 1)} inputs={'541': [('540', True)], '542': [('2356', True)], '2294': [('2293', True)], '2324': [('2323', True)], '2349': [('2348', True)], '2359': [('2358', True)]}
MAIN i=252 block=72 nodes={'543': (5, 1), '2295': (2, 1), '2325': (2, 1), '2350': (2, 1), '2360': (2, 1), '2368': (2, 1)} inputs={'543': [('541', True)], '2295': [('2294', True)], '2325': [('2324', True)], '2350': [('2349', True)], '2360': [('2359', True)], '2368': [('542', True)]}
MAIN i=253 block=72 nodes={'544': (5, 1), '2296': (2, 1), '2326': (2, 1), '2351': (2, 1), '2361': (2, 1), '2369': (2, 1)} inputs={'544': [('543', True)], '2296': [('2295', True)], '2326': [('2325', True)], '2351': [('2350', True)], '2361': [('2360', True)], '2369': [('2368', True)]}
MAIN i=254 block=73 nodes={'545': (1, 1), '546': (0, 1), '2297': (2, 1), '2327': (2, 1), '2362': (2, 1), '2370': (2, 1)} inputs={'545': [('544', True)], '546': [('2351', True)], '2297': [('2296', True)], '2327': [('2326', True)], '2362': [('2361', True)], '2370': [('2369', True)]}
MAIN i=255 block=73 nodes={'547': (5, 1), '2298': (2, 1), '2328': (2, 1), '2363': (2, 1), '2371': (2, 1), '2373': (2, 1)} inputs={'547': [('545', True)], '2298': [('2297', True)], '2328': [('2327', True)], '2363': [('2362', True)], '2371': [('2370', True)], '2373': [('546', True)]}
MAIN i=256 block=73 nodes={'548': (5, 1), '2299': (2, 1), '2329': (2, 1), '2364': (2, 1), '2372': (2, 1), '2374': (2, 1)} inputs={'548': [('547', True)], '2299': [('2298', True)], '2329': [('2328', True)], '2364': [('2363', True)], '2372': [('2371', True)], '2374': [('2373', True)]}
MAIN i=257 block=74 nodes={'549': (1, 1), '550': (0, 1), '2300': (2, 1), '2330': (2, 1), '2365': (2, 1), '2375': (2, 1)} inputs={'549': [('548', True)], '550': [('2372', True)], '2300': [('2299', True)], '2330': [('2329', True)], '2365': [('2364', True)], '2375': [('2374', True)]}
MAIN i=258 block=74 nodes={'551': (5, 1), '2301': (2, 1), '2331': (2, 1), '2366': (2, 1), '2376': (2, 1), '2395': (2, 1)} inputs={'551': [('549', True)], '2301': [('2300', True)], '2331': [('2330', True)], '2366': [('2365', True)], '2376': [('2375', True)], '2395': [('550', True)]}
MAIN i=259 block=74 nodes={'552': (5, 1), '2302': (2, 1), '2332': (2, 1), '2367': (2, 1), '2377': (2, 1), '2396': (2, 1)} inputs={'552': [('551', True)], '2302': [('2301', True)], '2332': [('2331', True)], '2367': [('2366', True)], '2377': [('2376', True)], '2396': [('2395', True)]}
MAIN i=260 block=75 nodes={'553': (1, 1), '554': (0, 1), '2303': (2, 1), '2333': (2, 1), '2378': (2, 1), '2397': (2, 1)} inputs={'553': [('552', True)], '554': [('2367', True)], '2303': [('2302', True)], '2333': [('2332', True)], '2378': [('2377', True)], '2397': [('2396', True)]}
MAIN i=261 block=75 nodes={'556': (5, 1), '2304': (2, 1), '2334': (2, 1), '2379': (2, 1), '2398': (2, 1), '2431': (2, 1)} inputs={'556': [('553', True)], '2304': [('2303', True)], '2334': [('2333', True)], '2379': [('2378', True)], '2398': [('2397', True)], '2431': [('554', True)]}
MAIN i=261 block=75: MCTS tier returned None for every seed (ceiling_flag=0)
MAIN i=262 block=75 nodes={'557': (5, 1), '2305': (2, 1), '2335': (2, 1), '2380': (2, 1), '2399': (2, 1), '2432': (2, 1)} inputs={'557': [('556', True)], '2305': [('2304', True)], '2335': [('2334', True)], '2380': [('2379', True)], '2399': [('2398', True)], '2432': [('2431', True)]}
MAIN i=263 block=76 nodes={'559': (1, 1), '560': (0, 1), '2306': (2, 1), '2381': (2, 1), '2400': (2, 1), '2433': (2, 1)} inputs={'559': [('557', True)], '560': [('2335', True)], '2306': [('2305', True)], '2381': [('2380', True)], '2400': [('2399', True)], '2433': [('2432', True)]}
MAIN i=264 block=76 nodes={'561': (5, 1), '2307': (2, 1), '2382': (2, 1), '2401': (2, 1), '2434': (2, 1), '2450': (2, 1)} inputs={'561': [('559', True)], '2307': [('2306', True)], '2382': [('2381', True)], '2401': [('2400', True)], '2434': [('2433', True)], '2450': [('560', True)]}
MAIN i=265 block=76 nodes={'562': (5, 1), '2308': (2, 1), '2383': (2, 1), '2402': (2, 1), '2435': (2, 1), '2451': (2, 1)} inputs={'562': [('561', True)], '2308': [('2307', True)], '2383': [('2382', True)], '2402': [('2401', True)], '2435': [('2434', True)], '2451': [('2450', True)]}
MAIN i=266 block=77 nodes={'563': (1, 1), '564': (0, 1), '2384': (2, 1), '2403': (2, 1), '2436': (2, 1), '2452': (2, 1)} inputs={'563': [('562', True)], '564': [('2308', True)], '2384': [('2383', True)], '2403': [('2402', True)], '2436': [('2435', True)], '2452': [('2451', True)]}
MAIN i=267 block=77 nodes={'565': (5, 1), '2385': (2, 1), '2404': (2, 1), '2437': (2, 1), '2453': (2, 1), '2455': (2, 1)} inputs={'565': [('563', True)], '2385': [('2384', True)], '2404': [('2403', True)], '2437': [('2436', True)], '2453': [('2452', True)], '2455': [('564', True)]}
MAIN i=268 block=77 nodes={'566': (5, 1), '2386': (2, 1), '2405': (2, 1), '2438': (2, 1), '2454': (2, 1), '2456': (2, 1)} inputs={'566': [('565', True)], '2386': [('2385', True)], '2405': [('2404', True)], '2438': [('2437', True)], '2454': [('2453', True)], '2456': [('2455', True)]}
MAIN i=269 block=78 nodes={'567': (1, 1), '568': (5, 1), '2387': (2, 1), '2406': (2, 1), '2439': (2, 1), '2457': (2, 1)} inputs={'567': [('566', True)], '568': [('2454', True)], '2387': [('2386', True)], '2406': [('2405', True)], '2439': [('2438', True)], '2457': [('2456', True)]}
MAIN i=270 block=78 nodes={'571': (5, 1), '570': (5, 1), '2388': (2, 1), '2407': (2, 1), '2440': (2, 1), '2458': (2, 1)} inputs={'571': [('567', True)], '570': [('568', True)], '2388': [('2387', True)], '2407': [('2406', True)], '2440': [('2439', True)], '2458': [('2457', True)]}
MAIN i=271 block=78 nodes={'572': (5, 1), '2389': (2, 1), '2408': (2, 1), '2441': (2, 1), '2459': (2, 1), '2460': (2, 1)} inputs={'572': [('571', True)], '2389': [('2388', True)], '2408': [('2407', True)], '2441': [('2440', True)], '2459': [('2458', True)], '2460': [('570', True)]}
MAIN i=272 block=79 nodes={'573': (1, 1), '574': (0, 1), '575': (1, 1), '2390': (2, 1), '2409': (2, 1), '2442': (2, 1)} inputs={'573': [('572', True)], '574': [('2459', True)], '575': [('2460', True)], '2390': [('2389', True)], '2409': [('2408', True)], '2442': [('2441', True)]}
MAIN i=273 block=79 nodes={'577': (5, 1), '579': (5, 1), '581': (5, 1), '2391': (2, 1), '2410': (2, 1), '2443': (2, 1)} inputs={'577': [('573', True)], '579': [('574', True)], '581': [('575', True)], '2391': [('2390', True)], '2410': [('2409', True)], '2443': [('2442', True)]}
MAIN i=274 block=79 nodes={'578': (5, 1), '580': (5, 2), '582': (5, 1), '2392': (2, 1), '2411': (2, 1), '2444': (2, 1)} inputs={'578': [('577', True)], '580': [('579', True)], '582': [('581', True)], '2392': [('2391', True)], '2411': [('2410', True)], '2444': [('2443', True)]}
MAIN i=275 block=79 nodes={'586': (5, 1), '584': (1, 1), '2393': (2, 1), '2412': (2, 1), '2445': (2, 1), '2461': (2, 1)} inputs={'586': [('578', True)], '584': [('582', True), ('580', True)], '2393': [('2392', True)], '2412': [('2411', True)], '2445': [('2444', True)], '2461': [('580', True)]}
MAIN i=276 block=79 nodes={'587': (5, 1), '2394': (2, 1), '2413': (2, 1), '2446': (2, 1), '2462': (2, 1), '2477': (2, 1)} inputs={'587': [('586', True)], '2394': [('2393', True)], '2413': [('2412', True)], '2446': [('2445', True)], '2462': [('2461', True)], '2477': [('584', True)]}
MAIN i=277 block=80 nodes={'589': (1, 1), '590': (0, 1), '2414': (2, 1), '2447': (2, 1), '2463': (2, 1), '2478': (2, 1)} inputs={'589': [('2477', True)], '590': [('2394', True)], '2414': [('2413', True)], '2447': [('2446', True)], '2463': [('2462', True)], '2478': [('587', True)]}
MAIN i=278 block=80 nodes={'591': (5, 1), '2415': (2, 1), '2448': (2, 1), '2464': (2, 1), '2479': (2, 1), '2607': (2, 1)} inputs={'591': [('589', True)], '2415': [('2414', True)], '2448': [('2447', True)], '2464': [('2463', True)], '2479': [('2478', True)], '2607': [('590', True)]}
MAIN i=279 block=80 nodes={'592': (5, 1), '2416': (2, 1), '2449': (2, 1), '2465': (2, 1), '2480': (2, 1), '2608': (2, 1)} inputs={'592': [('591', True)], '2416': [('2415', True)], '2449': [('2448', True)], '2465': [('2464', True)], '2480': [('2479', True)], '2608': [('2607', True)]}
MAIN i=280 block=81 nodes={'593': (1, 1), '594': (0, 1), '2417': (2, 1), '2466': (2, 1), '2481': (2, 1), '2609': (2, 1)} inputs={'593': [('592', True)], '594': [('2449', True)], '2417': [('2416', True)], '2466': [('2465', True)], '2481': [('2480', True)], '2609': [('2608', True)]}
MAIN i=281 block=81 nodes={'595': (5, 1), '2418': (2, 1), '2467': (2, 1), '2482': (2, 1), '2610': (2, 1), '2612': (2, 1)} inputs={'595': [('593', True)], '2418': [('2417', True)], '2467': [('2466', True)], '2482': [('2481', True)], '2610': [('2609', True)], '2612': [('594', True)]}
MAIN i=282 block=81 nodes={'596': (5, 1), '2419': (2, 1), '2468': (2, 1), '2483': (2, 1), '2611': (2, 1), '2613': (2, 1)} inputs={'596': [('595', True)], '2419': [('2418', True)], '2468': [('2467', True)], '2483': [('2482', True)], '2611': [('2610', True)], '2613': [('2612', True)]}
MAIN i=283 block=82 nodes={'597': (1, 1), '598': (5, 1), '2420': (2, 1), '2469': (2, 1), '2484': (2, 1), '2614': (2, 1)} inputs={'597': [('596', True)], '598': [('2611', True)], '2420': [('2419', True)], '2469': [('2468', True)], '2484': [('2483', True)], '2614': [('2613', True)]}
MAIN i=284 block=82 nodes={'601': (5, 1), '600': (5, 1), '2421': (2, 1), '2470': (2, 1), '2485': (2, 1), '2615': (2, 1)} inputs={'601': [('597', True)], '600': [('598', True)], '2421': [('2420', True)], '2470': [('2469', True)], '2485': [('2484', True)], '2615': [('2614', True)]}
MAIN i=285 block=82 nodes={'602': (5, 1), '2422': (2, 1), '2471': (2, 1), '2486': (2, 1), '2616': (2, 1), '2617': (2, 1)} inputs={'602': [('601', True)], '2422': [('2421', True)], '2471': [('2470', True)], '2486': [('2485', True)], '2616': [('2615', True)], '2617': [('600', True)]}
MAIN i=286 block=83 nodes={'603': (1, 1), '604': (0, 1), '605': (1, 1), '2423': (2, 1), '2472': (2, 1), '2487': (2, 1)} inputs={'603': [('602', True)], '604': [('2616', True)], '605': [('2617', True)], '2423': [('2422', True)], '2472': [('2471', True)], '2487': [('2486', True)]}
MAIN i=287 block=83 nodes={'607': (5, 1), '609': (5, 1), '611': (5, 1), '2424': (2, 1), '2473': (2, 1), '2488': (2, 1)} inputs={'607': [('603', True)], '609': [('604', True)], '611': [('605', True)], '2424': [('2423', True)], '2473': [('2472', True)], '2488': [('2487', True)]}
MAIN i=288 block=83 nodes={'608': (5, 1), '610': (5, 2), '612': (5, 1), '2425': (2, 1), '2474': (2, 1), '2489': (2, 1)} inputs={'608': [('607', True)], '610': [('609', True)], '612': [('611', True)], '2425': [('2424', True)], '2474': [('2473', True)], '2489': [('2488', True)]}
MAIN i=289 block=83 nodes={'616': (5, 1), '614': (1, 1), '2426': (2, 1), '2475': (2, 1), '2490': (2, 1), '2618': (2, 1)} inputs={'616': [('608', True)], '614': [('612', True), ('610', True)], '2426': [('2425', True)], '2475': [('2474', True)], '2490': [('2489', True)], '2618': [('610', True)]}
MAIN i=289 block=83: MCTS tier returned None for every seed (ceiling_flag=0)
MAIN i=290 block=83 nodes={'617': (5, 1), '2427': (2, 1), '2476': (2, 1), '2491': (2, 1), '2619': (2, 1), '2637': (2, 1)} inputs={'617': [('616', True)], '2427': [('2426', True)], '2476': [('2475', True)], '2491': [('2490', True)], '2619': [('2618', True)], '2637': [('614', True)]}
MAIN i=291 block=84 nodes={'619': (1, 1), '620': (0, 1), '2428': (2, 1), '2492': (2, 1), '2620': (2, 1), '2638': (2, 1)} inputs={'619': [('617', True)], '620': [('2476', True)], '2428': [('2427', True)], '2492': [('2491', True)], '2620': [('2619', True)], '2638': [('2637', True)]}
MAIN i=292 block=84 nodes={'621': (5, 1), '2429': (2, 1), '2493': (2, 1), '2621': (2, 1), '2639': (2, 1), '2652': (2, 1)} inputs={'621': [('619', True)], '2429': [('2428', True)], '2493': [('2492', True)], '2621': [('2620', True)], '2639': [('2638', True)], '2652': [('620', True)]}
MAIN i=293 block=84 nodes={'622': (5, 1), '2430': (2, 1), '2494': (2, 1), '2622': (2, 1), '2640': (2, 1), '2653': (2, 1)} inputs={'622': [('621', True)], '2430': [('2429', True)], '2494': [('2493', True)], '2622': [('2621', True)], '2640': [('2639', True)], '2653': [('2652', True)]}
MAIN i=294 block=85 nodes={'623': (1, 1), '624': (0, 1), '2495': (2, 1), '2623': (2, 1), '2641': (2, 1), '2654': (2, 1)} inputs={'623': [('622', True)], '624': [('2430', True)], '2495': [('2494', True)], '2623': [('2622', True)], '2641': [('2640', True)], '2654': [('2653', True)]}
MAIN i=295 block=85 nodes={'625': (5, 1), '2496': (2, 1), '2624': (2, 1), '2642': (2, 1), '2655': (2, 1), '2657': (2, 1)} inputs={'625': [('623', True)], '2496': [('2495', True)], '2624': [('2623', True)], '2642': [('2641', True)], '2655': [('2654', True)], '2657': [('624', True)]}
MAIN i=296 block=85 nodes={'626': (5, 1), '2497': (2, 1), '2625': (2, 1), '2643': (2, 1), '2656': (2, 1), '2658': (2, 1)} inputs={'626': [('625', True)], '2497': [('2496', True)], '2625': [('2624', True)], '2643': [('2642', True)], '2656': [('2655', True)], '2658': [('2657', True)]}
MAIN i=297 block=86 nodes={'627': (1, 1), '628': (5, 1), '2498': (2, 1), '2626': (2, 1), '2644': (2, 1), '2659': (2, 1)} inputs={'627': [('626', True)], '628': [('2656', True)], '2498': [('2497', True)], '2626': [('2625', True)], '2644': [('2643', True)], '2659': [('2658', True)]}
MAIN i=298 block=86 nodes={'631': (5, 1), '630': (5, 1), '2499': (2, 1), '2627': (2, 1), '2645': (2, 1), '2660': (2, 1)} inputs={'631': [('627', True)], '630': [('628', True)], '2499': [('2498', True)], '2627': [('2626', True)], '2645': [('2644', True)], '2660': [('2659', True)]}
MAIN i=299 block=86 nodes={'632': (5, 1), '2500': (2, 1), '2628': (2, 1), '2646': (2, 1), '2661': (2, 1), '2662': (2, 1)} inputs={'632': [('631', True)], '2500': [('2499', True)], '2628': [('2627', True)], '2646': [('2645', True)], '2661': [('2660', True)], '2662': [('630', True)]}
MAIN i=300 block=87 nodes={'633': (1, 1), '634': (0, 1), '635': (1, 1), '2501': (2, 1), '2629': (2, 1), '2647': (2, 1)} inputs={'633': [('632', True)], '634': [('2661', True)], '635': [('2662', True)], '2501': [('2500', True)], '2629': [('2628', True)], '2647': [('2646', True)]}
MAIN i=301 block=87 nodes={'637': (5, 1), '639': (5, 1), '641': (5, 1), '2502': (2, 1), '2630': (2, 1), '2648': (2, 1)} inputs={'637': [('633', True)], '639': [('634', True)], '641': [('635', True)], '2502': [('2501', True)], '2630': [('2629', True)], '2648': [('2647', True)]}
MAIN i=302 block=87 nodes={'638': (5, 1), '640': (5, 2), '642': (5, 1), '2503': (2, 1), '2631': (2, 1), '2649': (2, 1)} inputs={'638': [('637', True)], '640': [('639', True)], '642': [('641', True)], '2503': [('2502', True)], '2631': [('2630', True)], '2649': [('2648', True)]}
MAIN i=303 block=87 nodes={'646': (5, 1), '644': (1, 1), '2504': (2, 1), '2632': (2, 1), '2650': (2, 1), '2663': (2, 1)} inputs={'646': [('638', True)], '644': [('642', True), ('640', True)], '2504': [('2503', True)], '2632': [('2631', True)], '2650': [('2649', True)], '2663': [('640', True)]}
MAIN i=304 block=87 nodes={'647': (5, 1), '2505': (2, 1), '2633': (2, 1), '2651': (2, 1), '2664': (2, 1), '2682': (2, 1)} inputs={'647': [('646', True)], '2505': [('2504', True)], '2633': [('2632', True)], '2651': [('2650', True)], '2664': [('2663', True)], '2682': [('644', True)]}
MAIN i=305 block=88 nodes={'649': (1, 1), '650': (0, 1), '2506': (2, 1), '2634': (2, 1), '2665': (2, 1), '2683': (2, 1)} inputs={'649': [('647', True)], '650': [('2651', True)], '2506': [('2505', True)], '2634': [('2633', True)], '2665': [('2664', True)], '2683': [('2682', True)]}
MAIN i=306 block=88 nodes={'651': (5, 1), '2507': (2, 1), '2635': (2, 1), '2666': (2, 1), '2684': (2, 1), '2697': (2, 1)} inputs={'651': [('649', True)], '2507': [('2506', True)], '2635': [('2634', True)], '2666': [('2665', True)], '2684': [('2683', True)], '2697': [('650', True)]}
MAIN i=307 block=88 nodes={'652': (5, 1), '2508': (2, 1), '2636': (2, 1), '2667': (2, 1), '2685': (2, 1), '2698': (2, 1)} inputs={'652': [('651', True)], '2508': [('2507', True)], '2636': [('2635', True)], '2667': [('2666', True)], '2685': [('2684', True)], '2698': [('2697', True)]}
MAIN i=308 block=89 nodes={'653': (1, 1), '654': (0, 1), '2509': (2, 1), '2668': (2, 1), '2686': (2, 1), '2699': (2, 1)} inputs={'653': [('652', True)], '654': [('2636', True)], '2509': [('2508', True)], '2668': [('2667', True)], '2686': [('2685', True)], '2699': [('2698', True)]}
MAIN i=309 block=89 nodes={'655': (5, 1), '2510': (2, 1), '2669': (2, 1), '2687': (2, 1), '2700': (2, 1), '2702': (2, 1)} inputs={'655': [('653', True)], '2510': [('2509', True)], '2669': [('2668', True)], '2687': [('2686', True)], '2700': [('2699', True)], '2702': [('654', True)]}
MAIN i=310 block=89 nodes={'656': (5, 1), '2511': (2, 1), '2670': (2, 1), '2688': (2, 1), '2701': (2, 1), '2703': (2, 1)} inputs={'656': [('655', True)], '2511': [('2510', True)], '2670': [('2669', True)], '2688': [('2687', True)], '2701': [('2700', True)], '2703': [('2702', True)]}
MAIN i=311 block=90 nodes={'657': (1, 1), '658': (5, 1), '2512': (2, 1), '2671': (2, 1), '2689': (2, 1), '2704': (2, 1)} inputs={'657': [('656', True)], '658': [('2701', True)], '2512': [('2511', True)], '2671': [('2670', True)], '2689': [('2688', True)], '2704': [('2703', True)]}
MAIN i=312 block=90 nodes={'661': (5, 1), '660': (5, 1), '2513': (2, 1), '2672': (2, 1), '2690': (2, 1), '2705': (2, 1)} inputs={'661': [('657', True)], '660': [('658', True)], '2513': [('2512', True)], '2672': [('2671', True)], '2690': [('2689', True)], '2705': [('2704', True)]}
MAIN i=313 block=90 nodes={'662': (5, 1), '2514': (2, 1), '2673': (2, 1), '2691': (2, 1), '2706': (2, 1), '2707': (2, 1)} inputs={'662': [('661', True)], '2514': [('2513', True)], '2673': [('2672', True)], '2691': [('2690', True)], '2706': [('2705', True)], '2707': [('660', True)]}
MAIN i=314 block=91 nodes={'663': (1, 1), '664': (0, 1), '665': (1, 1), '2515': (2, 1), '2674': (2, 1), '2692': (2, 1)} inputs={'663': [('662', True)], '664': [('2706', True)], '665': [('2707', True)], '2515': [('2514', True)], '2674': [('2673', True)], '2692': [('2691', True)]}
MAIN i=315 block=91 nodes={'667': (5, 1), '669': (5, 1), '671': (5, 1), '2516': (2, 1), '2675': (2, 1), '2693': (2, 1)} inputs={'667': [('663', True)], '669': [('664', True)], '671': [('665', True)], '2516': [('2515', True)], '2675': [('2674', True)], '2693': [('2692', True)]}
MAIN i=316 block=91 nodes={'668': (5, 1), '670': (5, 2), '672': (5, 1), '2517': (2, 1), '2676': (2, 1), '2694': (2, 1)} inputs={'668': [('667', True)], '670': [('669', True)], '672': [('671', True)], '2517': [('2516', True)], '2676': [('2675', True)], '2694': [('2693', True)]}
MAIN i=317 block=91 nodes={'676': (5, 1), '674': (1, 1), '2518': (2, 1), '2677': (2, 1), '2695': (2, 1), '2708': (2, 1)} inputs={'676': [('668', True)], '674': [('672', True), ('670', True)], '2518': [('2517', True)], '2677': [('2676', True)], '2695': [('2694', True)], '2708': [('670', True)]}
MAIN i=317 block=91: MCTS tier returned None for every seed (ceiling_flag=0)
MAIN i=318 block=91 nodes={'677': (5, 1), '2519': (2, 1), '2678': (2, 1), '2696': (2, 1), '2709': (2, 1), '2727': (2, 1)} inputs={'677': [('676', True)], '2519': [('2518', True)], '2678': [('2677', True)], '2696': [('2695', True)], '2709': [('2708', True)], '2727': [('674', True)]}
MAIN i=319 block=92 nodes={'679': (1, 1), '680': (0, 1), '2520': (2, 1), '2679': (2, 1), '2710': (2, 1), '2728': (2, 1)} inputs={'679': [('677', True)], '680': [('2696', True)], '2520': [('2519', True)], '2679': [('2678', True)], '2710': [('2709', True)], '2728': [('2727', True)]}
MAIN i=320 block=92 nodes={'681': (5, 1), '2521': (2, 1), '2680': (2, 1), '2711': (2, 1), '2729': (2, 1), '2742': (2, 1)} inputs={'681': [('679', True)], '2521': [('2520', True)], '2680': [('2679', True)], '2711': [('2710', True)], '2729': [('2728', True)], '2742': [('680', True)]}
MAIN i=321 block=92 nodes={'682': (5, 1), '2522': (2, 1), '2681': (2, 1), '2712': (2, 1), '2730': (2, 1), '2743': (2, 1)} inputs={'682': [('681', True)], '2522': [('2521', True)], '2681': [('2680', True)], '2712': [('2711', True)], '2730': [('2729', True)], '2743': [('2742', True)]}
MAIN i=322 block=93 nodes={'683': (1, 1), '684': (0, 1), '2523': (2, 1), '2713': (2, 1), '2731': (2, 1), '2744': (2, 1)} inputs={'683': [('682', True)], '684': [('2681', True)], '2523': [('2522', True)], '2713': [('2712', True)], '2731': [('2730', True)], '2744': [('2743', True)]}
MAIN i=323 block=93 nodes={'685': (5, 1), '2524': (2, 1), '2714': (2, 1), '2732': (2, 1), '2745': (2, 1), '2747': (2, 1)} inputs={'685': [('683', True)], '2524': [('2523', True)], '2714': [('2713', True)], '2732': [('2731', True)], '2745': [('2744', True)], '2747': [('684', True)]}
MAIN i=324 block=93 nodes={'686': (5, 1), '2525': (2, 1), '2715': (2, 1), '2733': (2, 1), '2746': (2, 1), '2748': (2, 1)} inputs={'686': [('685', True)], '2525': [('2524', True)], '2715': [('2714', True)], '2733': [('2732', True)], '2746': [('2745', True)], '2748': [('2747', True)]}
MAIN i=325 block=94 nodes={'687': (1, 1), '688': (5, 1), '2526': (2, 1), '2716': (2, 1), '2734': (2, 1), '2749': (2, 1)} inputs={'687': [('686', True)], '688': [('2746', True)], '2526': [('2525', True)], '2716': [('2715', True)], '2734': [('2733', True)], '2749': [('2748', True)]}
MAIN i=326 block=94 nodes={'691': (5, 1), '690': (5, 1), '2527': (2, 1), '2717': (2, 1), '2735': (2, 1), '2750': (2, 1)} inputs={'691': [('687', True)], '690': [('688', True)], '2527': [('2526', True)], '2717': [('2716', True)], '2735': [('2734', True)], '2750': [('2749', True)]}
MAIN i=327 block=94 nodes={'692': (5, 1), '2528': (2, 1), '2718': (2, 1), '2736': (2, 1), '2751': (2, 1), '2752': (2, 1)} inputs={'692': [('691', True)], '2528': [('2527', True)], '2718': [('2717', True)], '2736': [('2735', True)], '2751': [('2750', True)], '2752': [('690', True)]}
MAIN i=328 block=95 nodes={'693': (1, 1), '694': (0, 1), '695': (1, 1), '2529': (2, 1), '2719': (2, 1), '2737': (2, 1)} inputs={'693': [('692', True)], '694': [('2751', True)], '695': [('2752', True)], '2529': [('2528', True)], '2719': [('2718', True)], '2737': [('2736', True)]}
MAIN i=329 block=95 nodes={'697': (5, 1), '699': (5, 1), '701': (5, 1), '2530': (2, 1), '2720': (2, 1), '2738': (2, 1)} inputs={'697': [('693', True)], '699': [('694', True)], '701': [('695', True)], '2530': [('2529', True)], '2720': [('2719', True)], '2738': [('2737', True)]}
MAIN i=330 block=95 nodes={'698': (5, 1), '700': (5, 2), '702': (5, 1), '2531': (2, 1), '2721': (2, 1), '2739': (2, 1)} inputs={'698': [('697', True)], '700': [('699', True)], '702': [('701', True)], '2531': [('2530', True)], '2721': [('2720', True)], '2739': [('2738', True)]}
MAIN i=331 block=95 nodes={'706': (5, 1), '704': (1, 1), '2532': (2, 1), '2722': (2, 1), '2740': (2, 1), '2753': (2, 1)} inputs={'706': [('698', True)], '704': [('702', True), ('700', True)], '2532': [('2531', True)], '2722': [('2721', True)], '2740': [('2739', True)], '2753': [('700', True)]}
MAIN i=332 block=95 nodes={'707': (5, 1), '2533': (2, 1), '2723': (2, 1), '2741': (2, 1), '2754': (2, 1), '2769': (2, 1)} inputs={'707': [('706', True)], '2533': [('2532', True)], '2723': [('2722', True)], '2741': [('2740', True)], '2754': [('2753', True)], '2769': [('704', True)]}
MAIN i=333 block=96 nodes={'710': (1, 1), '711': (0, 1), '2534': (2, 1), '2724': (2, 1), '2755': (2, 1), '2770': (2, 1)} inputs={'710': [('2769', True)], '711': [('2741', True)], '2534': [('2533', True)], '2724': [('2723', True)], '2755': [('2754', True)], '2770': [('707', True)]}
MAIN i=334 block=96 nodes={'712': (5, 1), '2535': (2, 1), '2725': (2, 1), '2756': (2, 1), '2771': (2, 1), '2867': (2, 1)} inputs={'712': [('710', True)], '2535': [('2534', True)], '2725': [('2724', True)], '2756': [('2755', True)], '2771': [('2770', True)], '2867': [('711', True)]}
MAIN i=335 block=96 nodes={'713': (5, 1), '2536': (2, 1), '2726': (2, 1), '2757': (2, 1), '2772': (2, 1), '2868': (2, 1)} inputs={'713': [('712', True)], '2536': [('2535', True)], '2726': [('2725', True)], '2757': [('2756', True)], '2772': [('2771', True)], '2868': [('2867', True)]}
MAIN i=336 block=97 nodes={'714': (1, 1), '715': (0, 1), '2537': (2, 1), '2758': (2, 1), '2773': (2, 1), '2869': (2, 1)} inputs={'714': [('713', True)], '715': [('2726', True)], '2537': [('2536', True)], '2758': [('2757', True)], '2773': [('2772', True)], '2869': [('2868', True)]}
MAIN i=337 block=97 nodes={'716': (5, 1), '2538': (2, 1), '2759': (2, 1), '2774': (2, 1), '2870': (2, 1), '2872': (2, 1)} inputs={'716': [('714', True)], '2538': [('2537', True)], '2759': [('2758', True)], '2774': [('2773', True)], '2870': [('2869', True)], '2872': [('715', True)]}
MAIN i=338 block=97 nodes={'717': (5, 1), '2539': (2, 1), '2760': (2, 1), '2775': (2, 1), '2871': (2, 1), '2873': (2, 1)} inputs={'717': [('716', True)], '2539': [('2538', True)], '2760': [('2759', True)], '2775': [('2774', True)], '2871': [('2870', True)], '2873': [('2872', True)]}
MAIN i=339 block=98 nodes={'718': (1, 1), '719': (5, 1), '2540': (2, 1), '2761': (2, 1), '2776': (2, 1), '2874': (2, 1)} inputs={'718': [('717', True)], '719': [('2871', True)], '2540': [('2539', True)], '2761': [('2760', True)], '2776': [('2775', True)], '2874': [('2873', True)]}
MAIN i=340 block=98 nodes={'722': (5, 1), '721': (5, 1), '2541': (2, 1), '2762': (2, 1), '2777': (2, 1), '2875': (2, 1)} inputs={'722': [('718', True)], '721': [('719', True)], '2541': [('2540', True)], '2762': [('2761', True)], '2777': [('2776', True)], '2875': [('2874', True)]}
MAIN i=341 block=98 nodes={'723': (5, 1), '2542': (2, 1), '2763': (2, 1), '2778': (2, 1), '2876': (2, 1), '2877': (2, 1)} inputs={'723': [('722', True)], '2542': [('2541', True)], '2763': [('2762', True)], '2778': [('2777', True)], '2876': [('2875', True)], '2877': [('721', True)]}
MAIN i=342 block=99 nodes={'724': (1, 1), '725': (0, 1), '726': (1, 1), '2543': (2, 1), '2764': (2, 1), '2779': (2, 1)} inputs={'724': [('723', True)], '725': [('2876', True)], '726': [('2877', True)], '2543': [('2542', True)], '2764': [('2763', True)], '2779': [('2778', True)]}
MAIN i=343 block=99 nodes={'728': (5, 1), '730': (5, 1), '732': (5, 1), '2544': (2, 1), '2765': (2, 1), '2780': (2, 1)} inputs={'728': [('724', True)], '730': [('725', True)], '732': [('726', True)], '2544': [('2543', True)], '2765': [('2764', True)], '2780': [('2779', True)]}
MAIN i=344 block=99 nodes={'729': (5, 1), '731': (5, 2), '733': (5, 1), '2545': (2, 1), '2766': (2, 1), '2781': (2, 1)} inputs={'729': [('728', True)], '731': [('730', True)], '733': [('732', True)], '2545': [('2544', True)], '2766': [('2765', True)], '2781': [('2780', True)]}
MAIN i=345 block=99 nodes={'737': (5, 1), '735': (1, 1), '2546': (2, 1), '2767': (2, 1), '2782': (2, 1), '2878': (2, 1)} inputs={'737': [('729', True)], '735': [('733', True), ('731', True)], '2546': [('2545', True)], '2767': [('2766', True)], '2782': [('2781', True)], '2878': [('731', True)]}
MAIN i=345 block=99: MCTS tier returned None for every seed (ceiling_flag=0)
MAIN i=346 block=99 nodes={'738': (5, 1), '2547': (2, 1), '2768': (2, 1), '2783': (2, 1), '2879': (2, 1), '2886': (2, 1)} inputs={'738': [('737', True)], '2547': [('2546', True)], '2768': [('2767', True)], '2783': [('2782', True)], '2879': [('2878', True)], '2886': [('735', True)]}
MAIN i=347 block=100 nodes={'739': (1, 1), '740': (0, 1), '2548': (2, 1), '2784': (2, 1), '2880': (2, 1), '2887': (2, 1)} inputs={'739': [('738', True)], '740': [('2768', True)], '2548': [('2547', True)], '2784': [('2783', True)], '2880': [('2879', True)], '2887': [('2886', True)]}
MAIN i=348 block=100 nodes={'741': (5, 1), '2549': (2, 1), '2785': (2, 1), '2881': (2, 1), '2888': (2, 1), '2890': (2, 1)} inputs={'741': [('739', True)], '2549': [('2548', True)], '2785': [('2784', True)], '2881': [('2880', True)], '2888': [('2887', True)], '2890': [('740', True)]}
MAIN i=348 block=100: MCTS tier returned None for every seed (ceiling_flag=0)
MAIN i=349 block=100 nodes={'742': (5, 1), '2550': (2, 1), '2786': (2, 1), '2882': (2, 1), '2889': (2, 1), '2891': (2, 1)} inputs={'742': [('741', True)], '2550': [('2549', True)], '2786': [('2785', True)], '2882': [('2881', True)], '2889': [('2888', True)], '2891': [('2890', True)]}
MAIN i=350 block=101 nodes={'744': (1, 1), '745': (0, 1), '2551': (2, 1), '2787': (2, 1), '2883': (2, 1), '2892': (2, 1)} inputs={'744': [('742', True)], '745': [('2889', True)], '2551': [('2550', True)], '2787': [('2786', True)], '2883': [('2882', True)], '2892': [('2891', True)]}
MAIN i=351 block=101 nodes={'746': (5, 1), '2552': (2, 1), '2788': (2, 1), '2884': (2, 1), '2893': (2, 1), '2906': (2, 1)} inputs={'746': [('744', True)], '2552': [('2551', True)], '2788': [('2787', True)], '2884': [('2883', True)], '2893': [('2892', True)], '2906': [('745', True)]}
MAIN i=352 block=101 nodes={'747': (5, 1), '2553': (2, 1), '2789': (2, 1), '2885': (2, 1), '2894': (2, 1), '2907': (2, 1)} inputs={'747': [('746', True)], '2553': [('2552', True)], '2789': [('2788', True)], '2885': [('2884', True)], '2894': [('2893', True)], '2907': [('2906', True)]}
MAIN i=353 block=102 nodes={'748': (1, 1), '749': (0, 1), '2554': (2, 1), '2790': (2, 1), '2895': (2, 1), '2908': (2, 1)} inputs={'748': [('747', True)], '749': [('2885', True)], '2554': [('2553', True)], '2790': [('2789', True)], '2895': [('2894', True)], '2908': [('2907', True)]}
MAIN i=354 block=102 nodes={'750': (5, 1), '2555': (2, 1), '2791': (2, 1), '2896': (2, 1), '2909': (2, 1), '2911': (2, 1)} inputs={'750': [('748', True)], '2555': [('2554', True)], '2791': [('2790', True)], '2896': [('2895', True)], '2909': [('2908', True)], '2911': [('749', True)]}
MAIN i=355 block=102 nodes={'751': (5, 1), '2556': (2, 1), '2792': (2, 1), '2897': (2, 1), '2910': (2, 1), '2912': (2, 1)} inputs={'751': [('750', True)], '2556': [('2555', True)], '2792': [('2791', True)], '2897': [('2896', True)], '2910': [('2909', True)], '2912': [('2911', True)]}
MAIN i=356 block=103 nodes={'752': (1, 1), '753': (0, 1), '2557': (2, 1), '2793': (2, 1), '2898': (2, 1), '2913': (2, 1)} inputs={'752': [('751', True)], '753': [('2910', True)], '2557': [('2556', True)], '2793': [('2792', True)], '2898': [('2897', True)], '2913': [('2912', True)]}
MAIN i=357 block=103 nodes={'754': (5, 1), '2558': (2, 1), '2794': (2, 1), '2899': (2, 1), '2914': (2, 1), '2916': (2, 1)} inputs={'754': [('752', True)], '2558': [('2557', True)], '2794': [('2793', True)], '2899': [('2898', True)], '2914': [('2913', True)], '2916': [('753', True)]}
MAIN i=357 block=103: MCTS tier returned None for every seed (ceiling_flag=0)
MAIN i=358 block=103 nodes={'755': (5, 1), '2559': (2, 1), '2795': (2, 1), '2900': (2, 1), '2915': (2, 1), '2917': (2, 1)} inputs={'755': [('754', True)], '2559': [('2558', True)], '2795': [('2794', True)], '2900': [('2899', True)], '2915': [('2914', True)], '2917': [('2916', True)]}
MAIN i=359 block=104 nodes={'756': (1, 1), '757': (0, 1), '758': (1, 1), '2560': (2, 1), '2796': (2, 1), '2901': (2, 1)} inputs={'756': [('755', True)], '757': [('2915', True)], '758': [('2917', True)], '2560': [('2559', True)], '2796': [('2795', True)], '2901': [('2900', True)]}
MAIN i=360 block=104 nodes={'760': (5, 1), '762': (5, 1), '764': (5, 1), '2561': (2, 1), '2797': (2, 1), '2902': (2, 1)} inputs={'760': [('756', True)], '762': [('757', True)], '764': [('758', True)], '2561': [('2560', True)], '2797': [('2796', True)], '2902': [('2901', True)]}
MAIN i=361 block=104 nodes={'761': (5, 1), '763': (5, 2), '765': (5, 1), '2562': (2, 1), '2798': (2, 1), '2903': (2, 1)} inputs={'761': [('760', True)], '763': [('762', True)], '765': [('764', True)], '2562': [('2561', True)], '2798': [('2797', True)], '2903': [('2902', True)]}
MAIN i=362 block=104 nodes={'769': (5, 1), '767': (1, 1), '2563': (2, 1), '2799': (2, 1), '2904': (2, 1), '2918': (2, 1)} inputs={'769': [('761', True)], '767': [('765', True), ('763', True)], '2563': [('2562', True)], '2799': [('2798', True)], '2904': [('2903', True)], '2918': [('763', True)]}
MAIN i=362 block=104: MCTS tier returned None for every seed (ceiling_flag=0)
MAIN i=363 block=104 nodes={'770': (5, 1), '771': (5, 1), '2564': (2, 1), '2800': (2, 1), '2905': (2, 1), '2919': (2, 1)} inputs={'770': [('769', True)], '771': [('767', True)], '2564': [('2563', True)], '2800': [('2799', True)], '2905': [('2904', True)], '2919': [('2918', True)]}
MAIN i=364 block=105 nodes={'772': (5, 1), '773': (1, 1), '774': (0, 1), '776': (5, 2), '2565': (2, 1), '2801': (2, 1)} inputs={'772': [('771', True)], '773': [('770', True)], '774': [('2905', True)], '776': [('2919', True)], '2565': [('2564', True)], '2801': [('2800', True)]}
MAIN i=365 block=105 nodes={'782': (5, 1), '778': (5, 1), '775': (1, 1), '781': (5, 1), '2566': (2, 1), '2802': (2, 1)} inputs={'782': [('772', True)], '778': [('773', True)], '775': [('774', True), ('776', True)], '781': [('776', True)], '2566': [('2565', True)], '2802': [('2801', True)]}
MAIN i=365 block=105: MCTS tier returned None for every seed (ceiling_flag=0)
MAIN i=366 block=105 nodes={'783': (5, 2), '779': (5, 1), '784': (5, 1), '2567': (2, 1), '2803': (2, 1), '2986': (2, 1)} inputs={'783': [('782', True)], '779': [('778', True)], '784': [('775', True)], '2567': [('2566', True)], '2803': [('2802', True)], '2986': [('781', True)]}
MAIN i=367 block=105 nodes={'788': (1, 1), '790': (5, 1), '785': (5, 0), '2568': (2, 1), '2804': (2, 1), '2920': (2, 1), '2987': (2, 1)} inputs={'788': [('783', True)], '790': [('783', True)], '785': [('784', True)], '2568': [('2567', True)], '2804': [('2803', True)], '2920': [('779', True)], '2987': [('2986', True)]}
MAIN i=367 block=105: MCTS tier returned None for every seed (ceiling_flag=0)
MAIN i=368 block=105 nodes={'794': (5, 1), '791': (5, 1), '2569': (2, 1), '2805': (2, 1), '2921': (2, 1), '2988': (2, 1)} inputs={'794': [('788', True)], '791': [('790', True)], '2569': [('2568', True)], '2805': [('2804', True)], '2921': [('2920', True)], '2988': [('2987', True)]}
MAIN i=369 block=105 nodes={'795': (5, 1), '2570': (2, 1), '2806': (2, 1), '2922': (2, 1), '2989': (2, 1), '2992': (2, 1)} inputs={'795': [('794', True)], '2570': [('2569', True)], '2806': [('2805', True)], '2922': [('2921', True)], '2989': [('2988', True)], '2992': [('791', True)]}
MAIN i=370 block=105 nodes={'797': (5, 1), '2571': (2, 1), '2807': (2, 1), '2923': (2, 1), '2990': (2, 1), '2993': (2, 1)} inputs={'797': [('795', True)], '2571': [('2570', True)], '2807': [('2806', True)], '2923': [('2922', True)], '2990': [('2989', True)], '2993': [('2992', True)]}
MAIN i=371 block=105 nodes={'798': (5, 1), '2572': (2, 1), '2808': (2, 1), '2924': (2, 1), '2991': (2, 1), '2994': (2, 1)} inputs={'798': [('797', True)], '2572': [('2571', True)], '2808': [('2807', True)], '2924': [('2923', True)], '2991': [('2990', True)], '2994': [('2993', True)]}
MAIN i=372 block=106 nodes={'799': (1, 1), '800': (5, 1), '2573': (2, 1), '2809': (2, 1), '2925': (2, 1), '2995': (2, 1)} inputs={'799': [('798', True)], '800': [('2991', True)], '2573': [('2572', True)], '2809': [('2808', True)], '2925': [('2924', True)], '2995': [('2994', True)]}
MAIN i=373 block=106 nodes={'803': (5, 1), '802': (5, 1), '2574': (2, 1), '2810': (2, 1), '2926': (2, 1), '2996': (2, 1)} inputs={'803': [('799', True)], '802': [('800', True)], '2574': [('2573', True)], '2810': [('2809', True)], '2926': [('2925', True)], '2996': [('2995', True)]}
MAIN i=374 block=106 nodes={'804': (5, 1), '2575': (2, 1), '2811': (2, 1), '2927': (2, 1), '2997': (2, 1), '3000': (2, 1)} inputs={'804': [('803', True)], '2575': [('2574', True)], '2811': [('2810', True)], '2927': [('2926', True)], '2997': [('2996', True)], '3000': [('802', True)]}
MAIN i=375 block=106 nodes={'806': (5, 1), '2576': (2, 1), '2812': (2, 1), '2928': (2, 1), '2998': (2, 1), '3001': (2, 1)} inputs={'806': [('804', True)], '2576': [('2575', True)], '2812': [('2811', True)], '2928': [('2927', True)], '2998': [('2997', True)], '3001': [('3000', True)]}
MAIN i=376 block=106 nodes={'807': (5, 1), '2577': (2, 1), '2813': (2, 1), '2929': (2, 1), '2999': (2, 1), '3002': (2, 1)} inputs={'807': [('806', True)], '2577': [('2576', True)], '2813': [('2812', True)], '2929': [('2928', True)], '2999': [('2998', True)], '3002': [('3001', True)]}
MAIN i=376 block=106: MCTS tier returned None for every seed (ceiling_flag=0)
MAIN i=377 block=107 nodes={'808': (1, 1), '809': (5, 1), '2578': (2, 1), '2814': (2, 1), '2930': (2, 1), '3003': (2, 1)} inputs={'808': [('807', True)], '809': [('2999', True)], '2578': [('2577', True)], '2814': [('2813', True)], '2930': [('2929', True)], '3003': [('3002', True)]}
MAIN i=378 block=107 nodes={'812': (5, 1), '811': (5, 1), '2579': (2, 1), '2815': (2, 1), '2931': (2, 1), '3004': (2, 1)} inputs={'812': [('808', True)], '811': [('809', True)], '2579': [('2578', True)], '2815': [('2814', True)], '2931': [('2930', True)], '3004': [('3003', True)]}
MAIN i=379 block=107 nodes={'813': (5, 1), '814': (5, 1), '2580': (2, 1), '2816': (2, 1), '2932': (2, 1), '3005': (2, 1)} inputs={'813': [('812', True)], '814': [('811', True)], '2580': [('2579', True)], '2816': [('2815', True)], '2932': [('2931', True)], '3005': [('3004', True)]}
MAIN i=380 block=107 nodes={'816': (5, 1), '815': (5, 1), '2581': (2, 1), '2817': (2, 1), '2933': (2, 1), '3006': (2, 1)} inputs={'816': [('813', True)], '815': [('814', True)], '2581': [('2580', True)], '2817': [('2816', True)], '2933': [('2932', True)], '3006': [('3005', True)]}
MAIN i=381 block=107 nodes={'817': (5, 1), '2582': (2, 1), '2818': (2, 1), '2934': (2, 1), '3007': (2, 1), '3009': (2, 1)} inputs={'817': [('816', True)], '2582': [('2581', True)], '2818': [('2817', True)], '2934': [('2933', True)], '3007': [('3006', True)], '3009': [('815', True)]}
MAIN i=382 block=107 nodes={'819': (5, 1), '2583': (2, 1), '2819': (2, 1), '2935': (2, 1), '3008': (2, 1), '3010': (2, 1)} inputs={'819': [('817', True)], '2583': [('2582', True)], '2819': [('2818', True)], '2935': [('2934', True)], '3008': [('3007', True)], '3010': [('3009', True)]}
MAIN i=383 block=108 nodes={'820': (5, 1), '821': (1, 1), '822': (5, 1), '2584': (2, 1), '2820': (2, 1), '2936': (2, 1)} inputs={'820': [('819', True)], '821': [('3010', True)], '822': [('3008', True)], '2584': [('2583', True)], '2820': [('2819', True)], '2936': [('2935', True)]}
MAIN i=384 block=108 nodes={'825': (5, 1), '824': (5, 1), '2585': (2, 1), '2821': (2, 1), '2937': (2, 1), '3011': (2, 1)} inputs={'825': [('821', True)], '824': [('822', True)], '2585': [('2584', True)], '2821': [('2820', True)], '2937': [('2936', True)], '3011': [('820', True)]}
MAIN i=385 block=108 nodes={'826': (5, 1), '831': (5, 1), '2586': (2, 1), '2822': (2, 1), '2938': (2, 1), '3012': (2, 1)} inputs={'826': [('825', True)], '831': [('824', True)], '2586': [('2585', True)], '2822': [('2821', True)], '2938': [('2937', True)], '3012': [('3011', True)]}
MAIN i=386 block=108 nodes={'828': (5, 1), '832': (5, 2), '2587': (2, 1), '2823': (2, 1), '2939': (2, 1), '3013': (2, 1)} inputs={'828': [('826', True)], '832': [('831', True)], '2587': [('2586', True)], '2823': [('2822', True)], '2939': [('2938', True)], '3013': [('3012', True)]}
MAIN i=387 block=108 nodes={'829': (5, 0), '833': (1, 1), '838': (5, 1), '2588': (2, 1), '2824': (2, 1), '2940': (2, 1), '3014': (2, 1)} inputs={'829': [('828', True)], '833': [('832', True)], '838': [('832', True)], '2588': [('2587', True)], '2824': [('2823', True)], '2940': [('2939', True)], '3014': [('3013', True)]}
MAIN i=388 block=108 nodes={'836': (5, 1), '839': (5, 1), '2589': (2, 1), '2825': (2, 1), '2941': (2, 1), '3015': (2, 1)} inputs={'836': [('833', True)], '839': [('838', True)], '2589': [('2588', True)], '2825': [('2824', True)], '2941': [('2940', True)], '3015': [('3014', True)]}
MAIN i=389 block=108 nodes={'837': (5, 1), '845': (0, 2), '2590': (2, 1), '2826': (2, 1), '2942': (2, 1), '3016': (2, 1)} inputs={'837': [('836', True)], '845': [('839', True)], '2590': [('2589', True)], '2826': [('2825', True)], '2942': [('2941', True)], '3016': [('3015', True)]}
MAIN i=390 block=108 nodes={'842': (5, 1), '844': (1, 2), '849': (5, 1), '2591': (2, 1), '2827': (2, 1), '2943': (2, 1), '3017': (2, 1)} inputs={'842': [('837', True)], '844': [('845', True)], '849': [('845', True)], '2591': [('2590', True)], '2827': [('2826', True)], '2943': [('2942', True)], '3017': [('3016', True)]}
MAIN i=391 block=108 nodes={'843': (5, 0), '847': (5, 1), '850': (5, 1), '2592': (2, 1), '2828': (2, 1), '2944': (2, 1), '3018': (2, 1)} inputs={'843': [('842', True), ('844', True)], '847': [('844', True)], '850': [('849', True)], '2592': [('2591', True)], '2828': [('2827', True)], '2944': [('2943', True)], '3018': [('3017', True)]}
MAIN i=391 block=108: MCTS tier returned None for every seed (ceiling_flag=0)
MAIN i=391 block=108: ceiling-retry tier returned None too -> gate-by-gate FALLBACK
FALLBACK block=108 at outer i=391: block_range=[434, 451] rows_=[0, 1, 2, 3, 4, 5, 6, 7, 8, 9, 10, 11, 12, 13, 14, 15, 16, 17]
  j=1/17 block=108 nodes={'820': (5, 1), '821': (1, 1), '822': (0, 1), '1272': (2, 1), '1289': (2, 1), '1306': (2, 1)}
  j=1 block=108 embedded by MCTS/ceiling tier; state has 17 nodes
  j=2/17 block=108 nodes={'823': (5, 1), '825': (5, 1), '1273': (2, 1), '1290': (2, 1), '1307': (2, 1), '1323': (2, 1)}
  j=2 block=108 embedded by MCTS/ceiling tier; state has 23 nodes
  j=3/17 block=108 nodes={'824': (5, 1), '826': (5, 1), '1274': (2, 1), '1291': (2, 1), '1308': (2, 1), '1324': (2, 1)}
  j=3 block=108 embedded by MCTS/ceiling tier; state has 29 nodes
  j=4/17 block=108 nodes={'828': (5, 1), '1275': (2, 1), '1292': (2, 1), '1309': (2, 1), '1325': (2, 1), '1339': (2, 1)}
  j=4 block=108 embedded by MCTS/ceiling tier; state has 35 nodes
  j=5/17 block=108 nodes={'829': (5, 1), '1276': (2, 1), '1293': (2, 1), '1310': (2, 1), '1326': (2, 1), '1340': (2, 1)}
  j=5 block=108 embedded by MCTS/ceiling tier; state has 41 nodes
  j=6/17 block=108 nodes={'831': (5, 1), '1277': (2, 1), '1294': (2, 1), '1311': (2, 1), '1327': (2, 1), '1341': (2, 1)}
  j=6 block=108 embedded by MCTS/ceiling tier; state has 47 nodes
  j=7/17 block=108 nodes={'832': (5, 1), '1278': (2, 1), '1295': (2, 1), '1312': (2, 1), '1328': (2, 1), '1342': (2, 1)}
  j=7 block=108 embedded by MCTS/ceiling tier; state has 53 nodes
  j=8/17 block=108 nodes={'833': (1, 1), '834': (0, 1), '1279': (2, 1), '1296': (2, 1), '1313': (2, 1), '1329': (2, 1)}
  j=8 block=108 embedded by MCTS/ceiling tier; state has 59 nodes
  j=9/17 block=108 nodes={'836': (5, 1), '1280': (2, 1), '1297': (2, 1), '1314': (2, 1), '1330': (2, 1), '1343': (2, 1)}
  j=9 block=108 embedded by MCTS/ceiling tier; state has 65 nodes
  j=10/17 block=108 nodes={'837': (5, 1), '838': (5, 1), '1281': (2, 1), '1298': (2, 1), '1315': (2, 1), '1331': (2, 1)}
  j=10 block=108 embedded by MCTS/ceiling tier; state has 71 nodes
  j=11/17 block=108 nodes={'839': (5, 1), '1282': (2, 1), '1299': (2, 1), '1316': (2, 1), '1332': (2, 1), '1344': (2, 1)}
  j=11 block=108 embedded by MCTS/ceiling tier; state has 77 nodes
  j=12/17 block=108 nodes={'842': (5, 1), '1283': (2, 1), '1300': (2, 1), '1317': (2, 1), '1333': (2, 1), '1345': (2, 1)}
  j=12 block=108 embedded by MCTS/ceiling tier; state has 83 nodes
  j=13/17 block=108 nodes={'843': (5, 1), '1284': (2, 1), '1301': (2, 1), '1318': (2, 1), '1334': (2, 1), '1346': (2, 1)}
  j=13 block=108 embedded by MCTS/ceiling tier; state has 89 nodes
  j=14/17 block=108 nodes={'844': (1, 1), '845': (0, 1), '1285': (2, 1), '1302': (2, 1), '1319': (2, 1), '1335': (2, 1)}
  j=14 block=108 embedded by MCTS/ceiling tier; state has 95 nodes
  j=15/17 block=108 nodes={'847': (5, 1), '1286': (2, 1), '1303': (2, 1), '1320': (2, 1), '1336': (2, 1), '1347': (2, 1)}
  j=15 block=108 embedded by MCTS/ceiling tier; state has 101 nodes
  j=16/17 block=108 nodes={'848': (5, 1), '849': (5, 1), '1287': (2, 1), '1304': (2, 1), '1321': (2, 1), '1337': (2, 1)}
  j=16 block=108 embedded by MCTS/ceiling tier; state has 107 nodes
  j=17/17 block=108 nodes={'850': (5, 0), '1288': (2, 0), '1305': (2, 0), '1322': (2, 0), '1338': (2, 0), '1348': (2, 0)}
  j=17 block=108 embedded by MCTS/ceiling tier; state has 113 nodes
outer i=392 block=108 SKIPPED (fallback already did this block)
outer i=393 block=109 leaving fallback-done block 108, input_mapping_flag=1
MAIN i=393 block=109 nodes={'853': (1, 1), '854': (5, 1), '2594': (2, 1), '2830': (2, 1), '2946': (2, 1), '3021': (2, 1)} inputs={'853': [('1338_108', True)], '854': [('1348_108', True)], '2594': [('1288_108', True)], '2830': [('1305_108', True)], '2946': [('1322_108', True)], '3021': [('850_108', True)]}
MAIN i=394 block=109 nodes={'859': (5, 1), '856': (5, 1), '2595': (2, 1), '2831': (2, 1), '2947': (2, 1), '3022': (2, 1)} inputs={'859': [('853', True)], '856': [('854', True)], '2595': [('2594', True)], '2831': [('2830', True)], '2947': [('2946', True)], '3022': [('3021', True)]}
MAIN i=395 block=109 nodes={'860': (5, 1), '861': (5, 1), '2596': (2, 1), '2832': (2, 1), '2948': (2, 1), '3023': (2, 1)} inputs={'860': [('859', True)], '861': [('856', True)], '2596': [('2595', True)], '2832': [('2831', True)], '2948': [('2947', True)], '3023': [('3022', True)]}
MAIN i=396 block=109 nodes={'862': (5, 1), '2597': (2, 1), '2833': (2, 1), '2949': (2, 1), '3024': (2, 1), '3025': (2, 1)} inputs={'862': [('861', True)], '2597': [('2596', True)], '2833': [('2832', True)], '2949': [('2948', True)], '3024': [('3023', True)], '3025': [('860', True)]}
MAIN i=397 block=110 nodes={'864': (1, 1), '865': (5, 1), '2598': (2, 1), '2834': (2, 1), '2950': (2, 1), '3026': (2, 1)} inputs={'864': [('3025', True)], '865': [('3024', True)], '2598': [('2597', True)], '2834': [('2833', True)], '2950': [('2949', True)], '3026': [('862', True)]}
MAIN i=398 block=110 nodes={'868': (5, 1), '867': (5, 1), '2599': (2, 1), '2835': (2, 1), '2951': (2, 1), '3027': (2, 1)} inputs={'868': [('864', True)], '867': [('865', True)], '2599': [('2598', True)], '2835': [('2834', True)], '2951': [('2950', True)], '3027': [('3026', True)]}
MAIN i=399 block=110 nodes={'869': (5, 1), '2600': (2, 1), '2836': (2, 1), '2952': (2, 1), '3028': (2, 1), '3029': (2, 1)} inputs={'869': [('868', True)], '2600': [('2599', True)], '2836': [('2835', True)], '2952': [('2951', True)], '3028': [('3027', True)], '3029': [('867', True)]}
MAIN i=400 block=111 nodes={'871': (1, 1), '872': (0, 1), '873': (5, 1), '2601': (2, 1), '2837': (2, 1), '2953': (2, 1)} inputs={'871': [('869', True)], '872': [('3028', True)], '873': [('3029', True)], '2601': [('2600', True)], '2837': [('2836', True)], '2953': [('2952', True)]}
MAIN i=401 block=111 nodes={'877': (5, 1), '874': (5, 1), '2602': (2, 1), '2838': (2, 1), '2954': (2, 1), '3030': (2, 1)} inputs={'877': [('871', True)], '874': [('873', True)], '2602': [('2601', True)], '2838': [('2837', True)], '2954': [('2953', True)], '3030': [('872', True)]}
MAIN i=402 block=111 nodes={'878': (5, 1), '880': (5, 2), '2603': (2, 1), '2839': (2, 1), '2955': (2, 1), '3031': (2, 1)} inputs={'878': [('877', True)], '880': [('874', True)], '2603': [('2602', True)], '2839': [('2838', True)], '2955': [('2954', True)], '3031': [('3030', True)]}
MAIN i=403 block=111 nodes={'879': (1, 1), '882': (5, 1), '2604': (2, 1), '2840': (2, 1), '2956': (2, 1), '3032': (2, 1)} inputs={'879': [('878', True), ('880', True)], '882': [('880', True)], '2604': [('2603', True)], '2840': [('2839', True)], '2956': [('2955', True)], '3032': [('3031', True)]}
MAIN i=404 block=111 nodes={'885': (5, 1), '2605': (2, 1), '2841': (2, 1), '2957': (2, 1), '3033': (2, 1), '3038': (2, 1)} inputs={'885': [('879', True)], '2605': [('2604', True)], '2841': [('2840', True)], '2957': [('2956', True)], '3033': [('3032', True)], '3038': [('882', True)]}
MAIN i=405 block=111 nodes={'886': (5, 1), '2606': (2, 1), '2842': (2, 1), '2958': (2, 1), '3034': (2, 1), '3039': (2, 1)} inputs={'886': [('885', True)], '2606': [('2605', True)], '2842': [('2841', True)], '2958': [('2957', True)], '3034': [('3033', True)], '3039': [('3038', True)]}
MAIN i=406 block=112 nodes={'887': (5, 1), '889': (1, 1), '890': (0, 1), '2843': (2, 1), '2959': (2, 1), '3035': (2, 1)} inputs={'887': [('3039', True)], '889': [('2606', True)], '890': [('886', True)], '2843': [('2842', True)], '2959': [('2958', True)], '3035': [('3034', True)]}
MAIN i=407 block=112 nodes={'888': (5, 1), '891': (5, 1), '2844': (2, 1), '2960': (2, 1), '3036': (2, 1), '3047': (2, 1)} inputs={'888': [('887', True)], '891': [('889', True)], '2844': [('2843', True)], '2960': [('2959', True)], '3036': [('3035', True)], '3047': [('890', True)]}
MAIN i=408 block=112 nodes={'892': (5, 1), '2845': (2, 1), '2961': (2, 1), '3037': (2, 1), '3040': (2, 1), '3048': (2, 1)} inputs={'892': [('891', True)], '2845': [('2844', True)], '2961': [('2960', True)], '3037': [('3036', True)], '3040': [('888', True)], '3048': [('3047', True)]}
MAIN i=409 block=113 nodes={'893': (1, 1), '894': (0, 1), '2846': (2, 1), '2962': (2, 1), '3041': (2, 1), '3049': (2, 1)} inputs={'893': [('892', True)], '894': [('3037', True)], '2846': [('2845', True)], '2962': [('2961', True)], '3041': [('3040', True)], '3049': [('3048', True)]}
MAIN i=410 block=113 nodes={'895': (5, 1), '2847': (2, 1), '2963': (2, 1), '3042': (2, 1), '3050': (2, 1), '3052': (2, 1)} inputs={'895': [('893', True)], '2847': [('2846', True)], '2963': [('2962', True)], '3042': [('3041', True)], '3050': [('3049', True)], '3052': [('894', True)]}
MAIN i=411 block=113 nodes={'896': (5, 1), '2848': (2, 1), '2964': (2, 1), '3043': (2, 1), '3051': (2, 1), '3053': (2, 1)} inputs={'896': [('895', True)], '2848': [('2847', True)], '2964': [('2963', True)], '3043': [('3042', True)], '3051': [('3050', True)], '3053': [('3052', True)]}
MAIN i=412 block=114 nodes={'897': (1, 1), '898': (0, 1), '2849': (2, 1), '2965': (2, 1), '3044': (2, 1), '3054': (2, 1)} inputs={'897': [('896', True)], '898': [('3051', True)], '2849': [('2848', True)], '2965': [('2964', True)], '3044': [('3043', True)], '3054': [('3053', True)]}
MAIN i=413 block=114 nodes={'899': (5, 1), '2850': (2, 1), '2966': (2, 1), '3045': (2, 1), '3055': (2, 1), '3063': (2, 1)} inputs={'899': [('897', True)], '2850': [('2849', True)], '2966': [('2965', True)], '3045': [('3044', True)], '3055': [('3054', True)], '3063': [('898', True)]}
MAIN i=414 block=114 nodes={'900': (5, 1), '2851': (2, 1), '2967': (2, 1), '3046': (2, 1), '3056': (2, 1), '3064': (2, 1)} inputs={'900': [('899', True)], '2851': [('2850', True)], '2967': [('2966', True)], '3046': [('3045', True)], '3056': [('3055', True)], '3064': [('3063', True)]}
MAIN i=415 block=115 nodes={'901': (1, 1), '902': (0, 1), '2852': (2, 1), '2968': (2, 1), '3057': (2, 1), '3065': (2, 1)} inputs={'901': [('900', True)], '902': [('3046', True)], '2852': [('2851', True)], '2968': [('2967', True)], '3057': [('3056', True)], '3065': [('3064', True)]}
MAIN i=416 block=115 nodes={'903': (5, 1), '2853': (2, 1), '2969': (2, 1), '3058': (2, 1), '3066': (2, 1), '3068': (2, 1)} inputs={'903': [('901', True)], '2853': [('2852', True)], '2969': [('2968', True)], '3058': [('3057', True)], '3066': [('3065', True)], '3068': [('902', True)]}
MAIN i=417 block=115 nodes={'904': (5, 1), '2854': (2, 1), '2970': (2, 1), '3059': (2, 1), '3067': (2, 1), '3069': (2, 1)} inputs={'904': [('903', True)], '2854': [('2853', True)], '2970': [('2969', True)], '3059': [('3058', True)], '3067': [('3066', True)], '3069': [('3068', True)]}
MAIN i=418 block=116 nodes={'905': (1, 1), '906': (0, 1), '2855': (2, 1), '2971': (2, 1), '3060': (2, 1), '3070': (2, 1)} inputs={'905': [('904', True)], '906': [('3067', True)], '2855': [('2854', True)], '2971': [('2970', True)], '3060': [('3059', True)], '3070': [('3069', True)]}
MAIN i=419 block=116 nodes={'907': (5, 1), '2856': (2, 1), '2972': (2, 1), '3061': (2, 1), '3071': (2, 1), '3079': (2, 1)} inputs={'907': [('905', True)], '2856': [('2855', True)], '2972': [('2971', True)], '3061': [('3060', True)], '3071': [('3070', True)], '3079': [('906', True)]}
MAIN i=420 block=116 nodes={'908': (5, 1), '2857': (2, 1), '2973': (2, 1), '3062': (2, 1), '3072': (2, 1), '3080': (2, 1)} inputs={'908': [('907', True)], '2857': [('2856', True)], '2973': [('2972', True)], '3062': [('3061', True)], '3072': [('3071', True)], '3080': [('3079', True)]}
MAIN i=421 block=117 nodes={'909': (1, 1), '910': (5, 1), '2858': (2, 1), '2974': (2, 1), '3073': (2, 1), '3081': (2, 1)} inputs={'909': [('908', True)], '910': [('3062', True)], '2858': [('2857', True)], '2974': [('2973', True)], '3073': [('3072', True)], '3081': [('3080', True)]}
MAIN i=422 block=117 nodes={'913': (5, 1), '912': (5, 1), '2859': (2, 1), '2975': (2, 1), '3074': (2, 1), '3082': (2, 1)} inputs={'913': [('909', True)], '912': [('910', True)], '2859': [('2858', True)], '2975': [('2974', True)], '3074': [('3073', True)], '3082': [('3081', True)]}
MAIN i=423 block=117 nodes={'914': (5, 1), '2860': (2, 1), '2976': (2, 1), '3075': (2, 1), '3083': (2, 1), '3084': (2, 1)} inputs={'914': [('913', True)], '2860': [('2859', True)], '2976': [('2975', True)], '3075': [('3074', True)], '3083': [('3082', True)], '3084': [('912', True)]}
MAIN i=424 block=118 nodes={'915': (1, 1), '916': (5, 1), '2861': (2, 1), '2977': (2, 1), '3076': (2, 1), '3085': (2, 1)} inputs={'915': [('914', True)], '916': [('3083', True)], '2861': [('2860', True)], '2977': [('2976', True)], '3076': [('3075', True)], '3085': [('3084', True)]}
MAIN i=425 block=118 nodes={'919': (5, 1), '918': (5, 1), '2862': (2, 1), '2978': (2, 1), '3077': (2, 1), '3086': (2, 1)} inputs={'919': [('915', True)], '918': [('916', True)], '2862': [('2861', True)], '2978': [('2977', True)], '3077': [('3076', True)], '3086': [('3085', True)]}
MAIN i=426 block=118 nodes={'920': (5, 1), '2863': (2, 1), '2979': (2, 1), '3078': (2, 1), '3087': (2, 1), '3088': (2, 1)} inputs={'920': [('919', True)], '2863': [('2862', True)], '2979': [('2978', True)], '3078': [('3077', True)], '3087': [('3086', True)], '3088': [('918', True)]}
MAIN i=427 block=119 nodes={'921': (1, 1), '922': (5, 1), '926': (1, 2), '2864': (2, 1), '2980': (2, 1), '3089': (2, 1)} inputs={'921': [('920', True)], '922': [('3078', True)], '926': [('3087', True)], '2864': [('2863', True)], '2980': [('2979', True)], '3089': [('3088', True)]}
MAIN i=428 block=119 nodes={'928': (5, 1), '924': (5, 1), '930': (5, 1), '2865': (2, 1), '2981': (2, 1), '3090': (2, 1)} inputs={'928': [('921', True)], '924': [('922', True), ('926', True)], '930': [('926', True)], '2865': [('2864', True)], '2981': [('2980', True)], '3090': [('3089', True)]}
MAIN i=429 block=119 nodes={'929': (5, 1), '2866': (2, 1), '2982': (2, 1), '3091': (2, 1), '3092': (2, 1), '3093': (2, 1)} inputs={'929': [('928', True)], '2866': [('2865', True)], '2982': [('2981', True)], '3091': [('3090', True)], '3092': [('924', True)], '3093': [('930', True)]}
MAIN i=430 block=120 nodes={'931': (5, 1), '934': (0, 2), '935': (1, 1), '936': (0, 1), '937': (1, 2), '2983': (2, 1)} inputs={'931': [('3093', True)], '934': [('3092', True)], '935': [('929', True)], '936': [('2866', True)], '937': [('3091', True)], '2983': [('2982', True)]}
MAIN i=431 block=120 nodes={'933': (1, 0), '939': (5, 1), '938': (0, 1), '2984': (2, 1), '3094': (2, 1), '3096': (2, 1), '3101': (2, 1)} inputs={'933': [('931', True), ('934', True)], '939': [('935', True)], '938': [('937', True)], '2984': [('2983', True)], '3094': [('934', True)], '3096': [('936', True)], '3101': [('937', True)]}
MAIN i=431 block=120: MCTS tier returned None for every seed (ceiling_flag=0)
MAIN i=432 block=120 nodes={'940': (5, 1), '2985': (2, 1), '3095': (2, 1), '3097': (2, 1), '3102': (2, 1), '3103': (2, 1)} inputs={'940': [('939', True)], '2985': [('2984', True)], '3095': [('3094', True)], '3097': [('3096', True)], '3102': [('3101', True)], '3103': [('938', True)]}
MAIN i=432 block=120: MCTS tier returned None for every seed (ceiling_flag=0)
MAIN i=433 block=121 nodes={'941': (5, 1), '943': (1, 1), '944': (0, 1), '946': (0, 2), '3098': (2, 1), '3104': (2, 1)} inputs={'941': [('3102', True)], '943': [('940', True)], '944': [('2985', True)], '946': [('3095', True)], '3098': [('3097', True)], '3104': [('3103', True)]}
MAIN i=434 block=121 nodes={'942': (5, 0), '947': (5, 1), '945': (1, 1), '3099': (2, 1), '3105': (2, 1), '3107': (2, 1), '3113': (2, 1)} inputs={'942': [('941', True)], '947': [('943', True)], '945': [('946', True)], '3099': [('3098', True)], '3105': [('3104', True)], '3107': [('944', True)], '3113': [('946', True)]}
MAIN i=435 block=121 nodes={'948': (5, 1), '3100': (2, 1), '3106': (2, 1), '3108': (2, 1), '3112': (2, 1), '3114': (2, 1)} inputs={'948': [('947', True)], '3100': [('3099', True)], '3106': [('3105', True)], '3108': [('3107', True)], '3112': [('945', True)], '3114': [('3113', True)]}
MAIN i=436 block=122 nodes={'949': (5, 1), '951': (1, 1), '952': (5, 1), '954': (0, 2), '3109': (2, 1), '3115': (2, 1)} inputs={'949': [('3112', True)], '951': [('948', True)], '952': [('3100', True)], '954': [('3106', True)], '3109': [('3108', True)], '3115': [('3114', True)]}
MAIN i=437 block=122 nodes={'950': (5, 0), '957': (5, 1), '956': (5, 1), '953': (1, 1), '3110': (2, 1), '3116': (2, 1), '3119': (2, 1)} inputs={'950': [('949', True)], '957': [('951', True)], '956': [('952', True)], '953': [('954', True)], '3110': [('3109', True)], '3116': [('3115', True)], '3119': [('954', True)]}
MAIN i=438 block=122 nodes={'958': (5, 1), '3111': (2, 1), '3117': (2, 1), '3118': (2, 1), '3120': (2, 1), '3131': (2, 1)} inputs={'958': [('957', True)], '3111': [('3110', True)], '3117': [('3116', True)], '3118': [('953', True)], '3120': [('3119', True)], '3131': [('956', True)]}
MAIN i=439 block=123 nodes={'959': (5, 1), '961': (1, 1), '962': (0, 1), '964': (0, 2), '965': (1, 1), '3121': (2, 1)} inputs={'959': [('3118', True)], '961': [('958', True)], '962': [('3111', True)], '964': [('3117', True)], '965': [('3131', True)], '3121': [('3120', True)]}
MAIN i=440 block=123 nodes={'960': (5, 0), '967': (5, 1), '969': (5, 1), '963': (1, 1), '971': (5, 1), '3122': (2, 1), '3137': (2, 1)} inputs={'960': [('959', True)], '967': [('961', True)], '969': [('962', True)], '963': [('964', True)], '971': [('965', True)], '3122': [('3121', True)], '3137': [('964', True)]}
MAIN i=441 block=123 nodes={'968': (5, 1), '970': (5, 2), '972': (5, 1), '3123': (2, 1), '3132': (2, 1), '3138': (2, 1)} inputs={'968': [('967', True)], '970': [('969', True)], '972': [('971', True)], '3123': [('3122', True)], '3132': [('963', True)], '3138': [('3137', True)]}
MAIN i=442 block=123 nodes={'976': (5, 1), '974': (1, 1), '3124': (2, 1), '3133': (2, 1), '3139': (2, 1), '3152': (2, 1)} inputs={'976': [('968', True)], '974': [('972', True), ('970', True)], '3124': [('3123', True)], '3133': [('3132', True)], '3139': [('3138', True)], '3152': [('970', True)]}
MAIN i=443 block=123 nodes={'977': (5, 1), '3125': (2, 1), '3134': (2, 1), '3140': (2, 1), '3153': (2, 1), '3183': (2, 1)} inputs={'977': [('976', True)], '3125': [('3124', True)], '3134': [('3133', True)], '3140': [('3139', True)], '3153': [('3152', True)], '3183': [('974', True)]}
MAIN i=444 block=123 nodes={'979': (5, 1), '3126': (2, 1), '3135': (2, 1), '3141': (2, 1), '3154': (2, 1), '3184': (2, 1)} inputs={'979': [('977', True)], '3126': [('3125', True)], '3135': [('3134', True)], '3141': [('3140', True)], '3154': [('3153', True)], '3184': [('3183', True)]}
MAIN i=445 block=123 nodes={'980': (5, 1), '3127': (2, 1), '3136': (2, 1), '3142': (2, 1), '3155': (2, 1), '3185': (2, 1)} inputs={'980': [('979', True)], '3127': [('3126', True)], '3136': [('3135', True)], '3142': [('3141', True)], '3155': [('3154', True)], '3185': [('3184', True)]}
MAIN i=446 block=124 nodes={'981': (1, 1), '982': (0, 1), '3128': (2, 1), '3143': (2, 1), '3156': (2, 1), '3186': (2, 1)} inputs={'981': [('980', True)], '982': [('3136', True)], '3128': [('3127', True)], '3143': [('3142', True)], '3156': [('3155', True)], '3186': [('3185', True)]}
MAIN i=447 block=124 nodes={'983': (5, 1), '3129': (2, 1), '3144': (2, 1), '3157': (2, 1), '3187': (2, 1), '3210': (2, 1)} inputs={'983': [('981', True)], '3129': [('3128', True)], '3144': [('3143', True)], '3157': [('3156', True)], '3187': [('3186', True)], '3210': [('982', True)]}
MAIN i=448 block=124 nodes={'984': (5, 1), '3130': (2, 1), '3145': (2, 1), '3158': (2, 1), '3188': (2, 1), '3211': (2, 1)} inputs={'984': [('983', True)], '3130': [('3129', True)], '3145': [('3144', True)], '3158': [('3157', True)], '3188': [('3187', True)], '3211': [('3210', True)]}
MAIN i=449 block=125 nodes={'985': (1, 1), '986': (0, 1), '3146': (2, 1), '3159': (2, 1), '3189': (2, 1), '3212': (2, 1)} inputs={'985': [('984', True)], '986': [('3130', True)], '3146': [('3145', True)], '3159': [('3158', True)], '3189': [('3188', True)], '3212': [('3211', True)]}
MAIN i=450 block=125 nodes={'987': (5, 1), '3147': (2, 1), '3160': (2, 1), '3190': (2, 1), '3213': (2, 1), '3215': (2, 1)} inputs={'987': [('985', True)], '3147': [('3146', True)], '3160': [('3159', True)], '3190': [('3189', True)], '3213': [('3212', True)], '3215': [('986', True)]}
MAIN i=451 block=125 nodes={'988': (5, 1), '3148': (2, 1), '3161': (2, 1), '3191': (2, 1), '3214': (2, 1), '3216': (2, 1)} inputs={'988': [('987', True)], '3148': [('3147', True)], '3161': [('3160', True)], '3191': [('3190', True)], '3214': [('3213', True)], '3216': [('3215', True)]}
MAIN i=452 block=126 nodes={'989': (1, 1), '990': (0, 1), '3149': (2, 1), '3162': (2, 1), '3192': (2, 1), '3217': (2, 1)} inputs={'989': [('988', True)], '990': [('3214', True)], '3149': [('3148', True)], '3162': [('3161', True)], '3192': [('3191', True)], '3217': [('3216', True)]}
MAIN i=453 block=126 nodes={'991': (5, 1), '3150': (2, 1), '3163': (2, 1), '3193': (2, 1), '3218': (2, 1), '3226': (2, 1)} inputs={'991': [('989', True)], '3150': [('3149', True)], '3163': [('3162', True)], '3193': [('3192', True)], '3218': [('3217', True)], '3226': [('990', True)]}
MAIN i=454 block=126 nodes={'992': (5, 1), '3151': (2, 1), '3164': (2, 1), '3194': (2, 1), '3219': (2, 1), '3227': (2, 1)} inputs={'992': [('991', True)], '3151': [('3150', True)], '3164': [('3163', True)], '3194': [('3193', True)], '3219': [('3218', True)], '3227': [('3226', True)]}
MAIN i=455 block=127 nodes={'993': (1, 1), '994': (0, 1), '3165': (2, 1), '3195': (2, 1), '3220': (2, 1), '3228': (2, 1)} inputs={'993': [('992', True)], '994': [('3151', True)], '3165': [('3164', True)], '3195': [('3194', True)], '3220': [('3219', True)], '3228': [('3227', True)]}
MAIN i=456 block=127 nodes={'995': (5, 1), '3166': (2, 1), '3196': (2, 1), '3221': (2, 1), '3229': (2, 1), '3231': (2, 1)} inputs={'995': [('993', True)], '3166': [('3165', True)], '3196': [('3195', True)], '3221': [('3220', True)], '3229': [('3228', True)], '3231': [('994', True)]}
MAIN i=457 block=127 nodes={'996': (5, 1), '3167': (2, 1), '3197': (2, 1), '3222': (2, 1), '3230': (2, 1), '3232': (2, 1)} inputs={'996': [('995', True)], '3167': [('3166', True)], '3197': [('3196', True)], '3222': [('3221', True)], '3230': [('3229', True)], '3232': [('3231', True)]}
MAIN i=458 block=128 nodes={'997': (1, 1), '998': (0, 1), '3168': (2, 1), '3198': (2, 1), '3223': (2, 1), '3233': (2, 1)} inputs={'997': [('996', True)], '998': [('3230', True)], '3168': [('3167', True)], '3198': [('3197', True)], '3223': [('3222', True)], '3233': [('3232', True)]}
MAIN i=459 block=128 nodes={'999': (5, 1), '3169': (2, 1), '3199': (2, 1), '3224': (2, 1), '3234': (2, 1), '3242': (2, 1)} inputs={'999': [('997', True)], '3169': [('3168', True)], '3199': [('3198', True)], '3224': [('3223', True)], '3234': [('3233', True)], '3242': [('998', True)]}
MAIN i=460 block=128 nodes={'1000': (5, 1), '3170': (2, 1), '3200': (2, 1), '3225': (2, 1), '3235': (2, 1), '3243': (2, 1)} inputs={'1000': [('999', True)], '3170': [('3169', True)], '3200': [('3199', True)], '3225': [('3224', True)], '3235': [('3234', True)], '3243': [('3242', True)]}
MAIN i=461 block=129 nodes={'1001': (1, 1), '1002': (0, 1), '3171': (2, 1), '3201': (2, 1), '3236': (2, 1), '3244': (2, 1)} inputs={'1001': [('1000', True)], '1002': [('3225', True)], '3171': [('3170', True)], '3201': [('3200', True)], '3236': [('3235', True)], '3244': [('3243', True)]}
MAIN i=462 block=129 nodes={'1003': (5, 1), '3172': (2, 1), '3202': (2, 1), '3237': (2, 1), '3245': (2, 1), '3247': (2, 1)} inputs={'1003': [('1001', True)], '3172': [('3171', True)], '3202': [('3201', True)], '3237': [('3236', True)], '3245': [('3244', True)], '3247': [('1002', True)]}
MAIN i=463 block=129 nodes={'1004': (5, 1), '3173': (2, 1), '3203': (2, 1), '3238': (2, 1), '3246': (2, 1), '3248': (2, 1)} inputs={'1004': [('1003', True)], '3173': [('3172', True)], '3203': [('3202', True)], '3238': [('3237', True)], '3246': [('3245', True)], '3248': [('3247', True)]}
MAIN i=464 block=130 nodes={'1005': (1, 1), '1006': (0, 1), '3174': (2, 1), '3204': (2, 1), '3239': (2, 1), '3249': (2, 1)} inputs={'1005': [('1004', True)], '1006': [('3246', True)], '3174': [('3173', True)], '3204': [('3203', True)], '3239': [('3238', True)], '3249': [('3248', True)]}
MAIN i=465 block=130 nodes={'1007': (5, 1), '3175': (2, 1), '3205': (2, 1), '3240': (2, 1), '3250': (2, 1), '3269': (2, 1)} inputs={'1007': [('1005', True)], '3175': [('3174', True)], '3205': [('3204', True)], '3240': [('3239', True)], '3250': [('3249', True)], '3269': [('1006', True)]}
MAIN i=466 block=130 nodes={'1008': (5, 1), '3176': (2, 1), '3206': (2, 1), '3241': (2, 1), '3251': (2, 1), '3270': (2, 1)} inputs={'1008': [('1007', True)], '3176': [('3175', True)], '3206': [('3205', True)], '3241': [('3240', True)], '3251': [('3250', True)], '3270': [('3269', True)]}
MAIN i=467 block=131 nodes={'1009': (1, 1), '1010': (0, 1), '3177': (2, 1), '3207': (2, 1), '3252': (2, 1), '3271': (2, 1)} inputs={'1009': [('1008', True)], '1010': [('3241', True)], '3177': [('3176', True)], '3207': [('3206', True)], '3252': [('3251', True)], '3271': [('3270', True)]}
MAIN i=468 block=131 nodes={'1012': (5, 1), '3178': (2, 1), '3208': (2, 1), '3253': (2, 1), '3272': (2, 1), '3305': (2, 1)} inputs={'1012': [('1009', True)], '3178': [('3177', True)], '3208': [('3207', True)], '3253': [('3252', True)], '3272': [('3271', True)], '3305': [('1010', True)]}
MAIN i=469 block=131 nodes={'1013': (5, 1), '3179': (2, 1), '3209': (2, 1), '3254': (2, 1), '3273': (2, 1), '3306': (2, 1)} inputs={'1013': [('1012', True)], '3179': [('3178', True)], '3209': [('3208', True)], '3254': [('3253', True)], '3273': [('3272', True)], '3306': [('3305', True)]}
MAIN i=470 block=132 nodes={'1015': (1, 1), '1016': (0, 1), '3180': (2, 1), '3255': (2, 1), '3274': (2, 1), '3307': (2, 1)} inputs={'1015': [('1013', True)], '1016': [('3209', True)], '3180': [('3179', True)], '3255': [('3254', True)], '3274': [('3273', True)], '3307': [('3306', True)]}
MAIN i=471 block=132 nodes={'1017': (5, 1), '3181': (2, 1), '3256': (2, 1), '3275': (2, 1), '3308': (2, 1), '3324': (2, 1)} inputs={'1017': [('1015', True)], '3181': [('3180', True)], '3256': [('3255', True)], '3275': [('3274', True)], '3308': [('3307', True)], '3324': [('1016', True)]}
MAIN i=472 block=132 nodes={'1018': (5, 1), '3182': (2, 1), '3257': (2, 1), '3276': (2, 1), '3309': (2, 1), '3325': (2, 1)} inputs={'1018': [('1017', True)], '3182': [('3181', True)], '3257': [('3256', True)], '3276': [('3275', True)], '3309': [('3308', True)], '3325': [('3324', True)]}
MAIN i=473 block=133 nodes={'1019': (1, 1), '1020': (0, 1), '3258': (2, 1), '3277': (2, 1), '3310': (2, 1), '3326': (2, 1)} inputs={'1019': [('1018', True)], '1020': [('3182', True)], '3258': [('3257', True)], '3277': [('3276', True)], '3310': [('3309', True)], '3326': [('3325', True)]}
MAIN i=474 block=133 nodes={'1021': (5, 1), '3259': (2, 1), '3278': (2, 1), '3311': (2, 1), '3327': (2, 1), '3329': (2, 1)} inputs={'1021': [('1019', True)], '3259': [('3258', True)], '3278': [('3277', True)], '3311': [('3310', True)], '3327': [('3326', True)], '3329': [('1020', True)]}
MAIN i=475 block=133 nodes={'1022': (5, 1), '3260': (2, 1), '3279': (2, 1), '3312': (2, 1), '3328': (2, 1), '3330': (2, 1)} inputs={'1022': [('1021', True)], '3260': [('3259', True)], '3279': [('3278', True)], '3312': [('3311', True)], '3328': [('3327', True)], '3330': [('3329', True)]}
MAIN i=476 block=134 nodes={'1023': (1, 1), '1024': (5, 1), '3261': (2, 1), '3280': (2, 1), '3313': (2, 1), '3331': (2, 1)} inputs={'1023': [('1022', True)], '1024': [('3328', True)], '3261': [('3260', True)], '3280': [('3279', True)], '3313': [('3312', True)], '3331': [('3330', True)]}
MAIN i=477 block=134 nodes={'1027': (5, 1), '1026': (5, 1), '3262': (2, 1), '3281': (2, 1), '3314': (2, 1), '3332': (2, 1)} inputs={'1027': [('1023', True)], '1026': [('1024', True)], '3262': [('3261', True)], '3281': [('3280', True)], '3314': [('3313', True)], '3332': [('3331', True)]}
MAIN i=478 block=134 nodes={'1028': (5, 1), '3263': (2, 1), '3282': (2, 1), '3315': (2, 1), '3333': (2, 1), '3334': (2, 1)} inputs={'1028': [('1027', True)], '3263': [('3262', True)], '3282': [('3281', True)], '3315': [('3314', True)], '3333': [('3332', True)], '3334': [('1026', True)]}
MAIN i=479 block=135 nodes={'1029': (1, 1), '1030': (0, 1), '1031': (1, 1), '3264': (2, 1), '3283': (2, 1), '3316': (2, 1)} inputs={'1029': [('1028', True)], '1030': [('3333', True)], '1031': [('3334', True)], '3264': [('3263', True)], '3283': [('3282', True)], '3316': [('3315', True)]}
MAIN i=480 block=135 nodes={'1033': (5, 1), '1035': (5, 1), '1037': (5, 1), '3265': (2, 1), '3284': (2, 1), '3317': (2, 1)} inputs={'1033': [('1029', True)], '1035': [('1030', True)], '1037': [('1031', True)], '3265': [('3264', True)], '3284': [('3283', True)], '3317': [('3316', True)]}
MAIN i=481 block=135 nodes={'1034': (5, 1), '1036': (5, 2), '1038': (5, 1), '3266': (2, 1), '3285': (2, 1), '3318': (2, 1)} inputs={'1034': [('1033', True)], '1036': [('1035', True)], '1038': [('1037', True)], '3266': [('3265', True)], '3285': [('3284', True)], '3318': [('3317', True)]}
MAIN i=482 block=135 nodes={'1042': (5, 1), '1040': (1, 1), '3267': (2, 1), '3286': (2, 1), '3319': (2, 1), '3335': (2, 1)} inputs={'1042': [('1034', True)], '1040': [('1038', True), ('1036', True)], '3267': [('3266', True)], '3286': [('3285', True)], '3319': [('3318', True)], '3335': [('1036', True)]}
MAIN i=482 block=135: MCTS tier returned None for every seed (ceiling_flag=0)
MAIN i=483 block=135 nodes={'1043': (5, 1), '3268': (2, 1), '3287': (2, 1), '3320': (2, 1), '3336': (2, 1), '3351': (2, 1)} inputs={'1043': [('1042', True)], '3268': [('3267', True)], '3287': [('3286', True)], '3320': [('3319', True)], '3336': [('3335', True)], '3351': [('1040', True)]}
MAIN i=484 block=136 nodes={'1046': (1, 1), '1047': (0, 1), '3288': (2, 1), '3321': (2, 1), '3337': (2, 1), '3352': (2, 1)} inputs={'1046': [('3351', True)], '1047': [('3268', True)], '3288': [('3287', True)], '3321': [('3320', True)], '3337': [('3336', True)], '3352': [('1043', True)]}
MAIN i=485 block=136 nodes={'1048': (5, 1), '3289': (2, 1), '3322': (2, 1), '3338': (2, 1), '3353': (2, 1), '3456': (2, 1)} inputs={'1048': [('1046', True)], '3289': [('3288', True)], '3322': [('3321', True)], '3338': [('3337', True)], '3353': [('3352', True)], '3456': [('1047', True)]}
MAIN i=486 block=136 nodes={'1049': (5, 1), '3290': (2, 1), '3323': (2, 1), '3339': (2, 1), '3354': (2, 1), '3457': (2, 1)} inputs={'1049': [('1048', True)], '3290': [('3289', True)], '3323': [('3322', True)], '3339': [('3338', True)], '3354': [('3353', True)], '3457': [('3456', True)]}
MAIN i=487 block=137 nodes={'1050': (1, 1), '1051': (0, 1), '3291': (2, 1), '3340': (2, 1), '3355': (2, 1), '3458': (2, 1)} inputs={'1050': [('1049', True)], '1051': [('3323', True)], '3291': [('3290', True)], '3340': [('3339', True)], '3355': [('3354', True)], '3458': [('3457', True)]}
MAIN i=488 block=137 nodes={'1052': (5, 1), '3292': (2, 1), '3341': (2, 1), '3356': (2, 1), '3459': (2, 1), '3461': (2, 1)} inputs={'1052': [('1050', True)], '3292': [('3291', True)], '3341': [('3340', True)], '3356': [('3355', True)], '3459': [('3458', True)], '3461': [('1051', True)]}
MAIN i=489 block=137 nodes={'1053': (5, 1), '3293': (2, 1), '3342': (2, 1), '3357': (2, 1), '3460': (2, 1), '3462': (2, 1)} inputs={'1053': [('1052', True)], '3293': [('3292', True)], '3342': [('3341', True)], '3357': [('3356', True)], '3460': [('3459', True)], '3462': [('3461', True)]}
MAIN i=490 block=138 nodes={'1054': (1, 1), '1055': (5, 1), '3294': (2, 1), '3343': (2, 1), '3358': (2, 1), '3463': (2, 1)} inputs={'1054': [('1053', True)], '1055': [('3460', True)], '3294': [('3293', True)], '3343': [('3342', True)], '3358': [('3357', True)], '3463': [('3462', True)]}
MAIN i=491 block=138 nodes={'1058': (5, 1), '1057': (5, 1), '3295': (2, 1), '3344': (2, 1), '3359': (2, 1), '3464': (2, 1)} inputs={'1058': [('1054', True)], '1057': [('1055', True)], '3295': [('3294', True)], '3344': [('3343', True)], '3359': [('3358', True)], '3464': [('3463', True)]}
MAIN i=492 block=138 nodes={'1059': (5, 1), '3296': (2, 1), '3345': (2, 1), '3360': (2, 1), '3465': (2, 1), '3466': (2, 1)} inputs={'1059': [('1058', True)], '3296': [('3295', True)], '3345': [('3344', True)], '3360': [('3359', True)], '3465': [('3464', True)], '3466': [('1057', True)]}
MAIN i=493 block=139 nodes={'1060': (1, 1), '1061': (0, 1), '1062': (1, 1), '3297': (2, 1), '3346': (2, 1), '3361': (2, 1)} inputs={'1060': [('1059', True)], '1061': [('3465', True)], '1062': [('3466', True)], '3297': [('3296', True)], '3346': [('3345', True)], '3361': [('3360', True)]}
MAIN i=494 block=139 nodes={'1064': (5, 1), '1066': (5, 1), '1068': (5, 1), '3298': (2, 1), '3347': (2, 1), '3362': (2, 1)} inputs={'1064': [('1060', True)], '1066': [('1061', True)], '1068': [('1062', True)], '3298': [('3297', True)], '3347': [('3346', True)], '3362': [('3361', True)]}
MAIN i=495 block=139 nodes={'1065': (5, 1), '1067': (5, 2), '1069': (5, 1), '3299': (2, 1), '3348': (2, 1), '3363': (2, 1)} inputs={'1065': [('1064', True)], '1067': [('1066', True)], '1069': [('1068', True)], '3299': [('3298', True)], '3348': [('3347', True)], '3363': [('3362', True)]}
MAIN i=496 block=139 nodes={'1073': (5, 1), '1071': (1, 1), '3300': (2, 1), '3349': (2, 1), '3364': (2, 1), '3467': (2, 1)} inputs={'1073': [('1065', True)], '1071': [('1069', True), ('1067', True)], '3300': [('3299', True)], '3349': [('3348', True)], '3364': [('3363', True)], '3467': [('1067', True)]}
MAIN i=496 block=139: MCTS tier returned None for every seed (ceiling_flag=0)
MAIN i=497 block=139 nodes={'1074': (5, 1), '3301': (2, 1), '3350': (2, 1), '3365': (2, 1), '3468': (2, 1), '3486': (2, 1)} inputs={'1074': [('1073', True)], '3301': [('3300', True)], '3350': [('3349', True)], '3365': [('3364', True)], '3468': [('3467', True)], '3486': [('1071', True)]}
MAIN i=498 block=140 nodes={'1076': (1, 1), '1077': (0, 1), '3302': (2, 1), '3366': (2, 1), '3469': (2, 1), '3487': (2, 1)} inputs={'1076': [('1074', True)], '1077': [('3350', True)], '3302': [('3301', True)], '3366': [('3365', True)], '3469': [('3468', True)], '3487': [('3486', True)]}
MAIN i=499 block=140 nodes={'1078': (5, 1), '3303': (2, 1), '3367': (2, 1), '3470': (2, 1), '3488': (2, 1), '3501': (2, 1)} inputs={'1078': [('1076', True)], '3303': [('3302', True)], '3367': [('3366', True)], '3470': [('3469', True)], '3488': [('3487', True)], '3501': [('1077', True)]}
MAIN i=500 block=140 nodes={'1079': (5, 1), '3304': (2, 1), '3368': (2, 1), '3471': (2, 1), '3489': (2, 1), '3502': (2, 1)} inputs={'1079': [('1078', True)], '3304': [('3303', True)], '3368': [('3367', True)], '3471': [('3470', True)], '3489': [('3488', True)], '3502': [('3501', True)]}
MAIN i=501 block=141 nodes={'1080': (1, 1), '1081': (0, 1), '3369': (2, 1), '3472': (2, 1), '3490': (2, 1), '3503': (2, 1)} inputs={'1080': [('1079', True)], '1081': [('3304', True)], '3369': [('3368', True)], '3472': [('3471', True)], '3490': [('3489', True)], '3503': [('3502', True)]}
MAIN i=502 block=141 nodes={'1082': (5, 1), '3370': (2, 1), '3473': (2, 1), '3491': (2, 1), '3504': (2, 1), '3506': (2, 1)} inputs={'1082': [('1080', True)], '3370': [('3369', True)], '3473': [('3472', True)], '3491': [('3490', True)], '3504': [('3503', True)], '3506': [('1081', True)]}
MAIN i=503 block=141 nodes={'1083': (5, 1), '3371': (2, 1), '3474': (2, 1), '3492': (2, 1), '3505': (2, 1), '3507': (2, 1)} inputs={'1083': [('1082', True)], '3371': [('3370', True)], '3474': [('3473', True)], '3492': [('3491', True)], '3505': [('3504', True)], '3507': [('3506', True)]}
MAIN i=504 block=142 nodes={'1084': (1, 1), '1085': (5, 1), '3372': (2, 1), '3475': (2, 1), '3493': (2, 1), '3508': (2, 1)} inputs={'1084': [('1083', True)], '1085': [('3505', True)], '3372': [('3371', True)], '3475': [('3474', True)], '3493': [('3492', True)], '3508': [('3507', True)]}
MAIN i=505 block=142 nodes={'1088': (5, 1), '1087': (5, 1), '3373': (2, 1), '3476': (2, 1), '3494': (2, 1), '3509': (2, 1)} inputs={'1088': [('1084', True)], '1087': [('1085', True)], '3373': [('3372', True)], '3476': [('3475', True)], '3494': [('3493', True)], '3509': [('3508', True)]}
MAIN i=506 block=142 nodes={'1089': (5, 1), '3374': (2, 1), '3477': (2, 1), '3495': (2, 1), '3510': (2, 1), '3511': (2, 1)} inputs={'1089': [('1088', True)], '3374': [('3373', True)], '3477': [('3476', True)], '3495': [('3494', True)], '3510': [('3509', True)], '3511': [('1087', True)]}
MAIN i=507 block=143 nodes={'1090': (1, 1), '1091': (0, 1), '1092': (1, 1), '3375': (2, 1), '3478': (2, 1), '3496': (2, 1)} inputs={'1090': [('1089', True)], '1091': [('3510', True)], '1092': [('3511', True)], '3375': [('3374', True)], '3478': [('3477', True)], '3496': [('3495', True)]}
MAIN i=508 block=143 nodes={'1094': (5, 1), '1096': (5, 1), '1098': (5, 1), '3376': (2, 1), '3479': (2, 1), '3497': (2, 1)} inputs={'1094': [('1090', True)], '1096': [('1091', True)], '1098': [('1092', True)], '3376': [('3375', True)], '3479': [('3478', True)], '3497': [('3496', True)]}
MAIN i=509 block=143 nodes={'1095': (5, 1), '1097': (5, 2), '1099': (5, 1), '3377': (2, 1), '3480': (2, 1), '3498': (2, 1)} inputs={'1095': [('1094', True)], '1097': [('1096', True)], '1099': [('1098', True)], '3377': [('3376', True)], '3480': [('3479', True)], '3498': [('3497', True)]}
MAIN i=510 block=143 nodes={'1103': (5, 1), '1101': (1, 1), '3378': (2, 1), '3481': (2, 1), '3499': (2, 1), '3512': (2, 1)} inputs={'1103': [('1095', True)], '1101': [('1099', True), ('1097', True)], '3378': [('3377', True)], '3481': [('3480', True)], '3499': [('3498', True)], '3512': [('1097', True)]}
MAIN i=510 block=143: MCTS tier returned None for every seed (ceiling_flag=0)
MAIN i=511 block=143 nodes={'1104': (5, 1), '3379': (2, 1), '3482': (2, 1), '3500': (2, 1), '3513': (2, 1), '3531': (2, 1)} inputs={'1104': [('1103', True)], '3379': [('3378', True)], '3482': [('3481', True)], '3500': [('3499', True)], '3513': [('3512', True)], '3531': [('1101', True)]}
MAIN i=512 block=144 nodes={'1106': (1, 1), '1107': (0, 1), '3380': (2, 1), '3483': (2, 1), '3514': (2, 1), '3532': (2, 1)} inputs={'1106': [('1104', True)], '1107': [('3500', True)], '3380': [('3379', True)], '3483': [('3482', True)], '3514': [('3513', True)], '3532': [('3531', True)]}
MAIN i=513 block=144 nodes={'1108': (5, 1), '3381': (2, 1), '3484': (2, 1), '3515': (2, 1), '3533': (2, 1), '3546': (2, 1)} inputs={'1108': [('1106', True)], '3381': [('3380', True)], '3484': [('3483', True)], '3515': [('3514', True)], '3533': [('3532', True)], '3546': [('1107', True)]}
MAIN i=514 block=144 nodes={'1109': (5, 1), '3382': (2, 1), '3485': (2, 1), '3516': (2, 1), '3534': (2, 1), '3547': (2, 1)} inputs={'1109': [('1108', True)], '3382': [('3381', True)], '3485': [('3484', True)], '3516': [('3515', True)], '3534': [('3533', True)], '3547': [('3546', True)]}
MAIN i=515 block=145 nodes={'1110': (1, 1), '1111': (0, 1), '3383': (2, 1), '3517': (2, 1), '3535': (2, 1), '3548': (2, 1)} inputs={'1110': [('1109', True)], '1111': [('3485', True)], '3383': [('3382', True)], '3517': [('3516', True)], '3535': [('3534', True)], '3548': [('3547', True)]}
MAIN i=516 block=145 nodes={'1112': (5, 1), '3384': (2, 1), '3518': (2, 1), '3536': (2, 1), '3549': (2, 1), '3551': (2, 1)} inputs={'1112': [('1110', True)], '3384': [('3383', True)], '3518': [('3517', True)], '3536': [('3535', True)], '3549': [('3548', True)], '3551': [('1111', True)]}
MAIN i=517 block=145 nodes={'1113': (5, 1), '3385': (2, 1), '3519': (2, 1), '3537': (2, 1), '3550': (2, 1), '3552': (2, 1)} inputs={'1113': [('1112', True)], '3385': [('3384', True)], '3519': [('3518', True)], '3537': [('3536', True)], '3550': [('3549', True)], '3552': [('3551', True)]}
MAIN i=518 block=146 nodes={'1114': (1, 1), '1115': (5, 1), '3386': (2, 1), '3520': (2, 1), '3538': (2, 1), '3553': (2, 1)} inputs={'1114': [('1113', True)], '1115': [('3550', True)], '3386': [('3385', True)], '3520': [('3519', True)], '3538': [('3537', True)], '3553': [('3552', True)]}
MAIN i=519 block=146 nodes={'1118': (5, 1), '1117': (5, 1), '3387': (2, 1), '3521': (2, 1), '3539': (2, 1), '3554': (2, 1)} inputs={'1118': [('1114', True)], '1117': [('1115', True)], '3387': [('3386', True)], '3521': [('3520', True)], '3539': [('3538', True)], '3554': [('3553', True)]}
MAIN i=520 block=146 nodes={'1119': (5, 1), '3388': (2, 1), '3522': (2, 1), '3540': (2, 1), '3555': (2, 1), '3556': (2, 1)} inputs={'1119': [('1118', True)], '3388': [('3387', True)], '3522': [('3521', True)], '3540': [('3539', True)], '3555': [('3554', True)], '3556': [('1117', True)]}
MAIN i=521 block=147 nodes={'1120': (1, 1), '1121': (0, 1), '1122': (1, 1), '3389': (2, 1), '3523': (2, 1), '3541': (2, 1)} inputs={'1120': [('1119', True)], '1121': [('3555', True)], '1122': [('3556', True)], '3389': [('3388', True)], '3523': [('3522', True)], '3541': [('3540', True)]}
MAIN i=522 block=147 nodes={'1124': (5, 1), '1126': (5, 1), '1128': (5, 1), '3390': (2, 1), '3524': (2, 1), '3542': (2, 1)} inputs={'1124': [('1120', True)], '1126': [('1121', True)], '1128': [('1122', True)], '3390': [('3389', True)], '3524': [('3523', True)], '3542': [('3541', True)]}
MAIN i=523 block=147 nodes={'1125': (5, 1), '1127': (5, 2), '1129': (5, 1), '3391': (2, 1), '3525': (2, 1), '3543': (2, 1)} inputs={'1125': [('1124', True)], '1127': [('1126', True)], '1129': [('1128', True)], '3391': [('3390', True)], '3525': [('3524', True)], '3543': [('3542', True)]}
MAIN i=524 block=147 nodes={'1133': (5, 1), '1131': (1, 1), '3392': (2, 1), '3526': (2, 1), '3544': (2, 1), '3557': (2, 1)} inputs={'1133': [('1125', True)], '1131': [('1129', True), ('1127', True)], '3392': [('3391', True)], '3526': [('3525', True)], '3544': [('3543', True)], '3557': [('1127', True)]}
MAIN i=525 block=147 nodes={'1134': (5, 1), '3393': (2, 1), '3527': (2, 1), '3545': (2, 1), '3558': (2, 1), '3576': (2, 1)} inputs={'1134': [('1133', True)], '3393': [('3392', True)], '3527': [('3526', True)], '3545': [('3544', True)], '3558': [('3557', True)], '3576': [('1131', True)]}
MAIN i=526 block=148 nodes={'1136': (1, 1), '1137': (0, 1), '3394': (2, 1), '3528': (2, 1), '3559': (2, 1), '3577': (2, 1)} inputs={'1136': [('1134', True)], '1137': [('3545', True)], '3394': [('3393', True)], '3528': [('3527', True)], '3559': [('3558', True)], '3577': [('3576', True)]}
MAIN i=527 block=148 nodes={'1138': (5, 1), '3395': (2, 1), '3529': (2, 1), '3560': (2, 1), '3578': (2, 1), '3591': (2, 1)} inputs={'1138': [('1136', True)], '3395': [('3394', True)], '3529': [('3528', True)], '3560': [('3559', True)], '3578': [('3577', True)], '3591': [('1137', True)]}
MAIN i=528 block=148 nodes={'1139': (5, 1), '3396': (2, 1), '3530': (2, 1), '3561': (2, 1), '3579': (2, 1), '3592': (2, 1)} inputs={'1139': [('1138', True)], '3396': [('3395', True)], '3530': [('3529', True)], '3561': [('3560', True)], '3579': [('3578', True)], '3592': [('3591', True)]}
MAIN i=529 block=149 nodes={'1140': (1, 1), '1141': (0, 1), '3397': (2, 1), '3562': (2, 1), '3580': (2, 1), '3593': (2, 1)} inputs={'1140': [('1139', True)], '1141': [('3530', True)], '3397': [('3396', True)], '3562': [('3561', True)], '3580': [('3579', True)], '3593': [('3592', True)]}
MAIN i=530 block=149 nodes={'1142': (5, 1), '3398': (2, 1), '3563': (2, 1), '3581': (2, 1), '3594': (2, 1), '3596': (2, 1)} inputs={'1142': [('1140', True)], '3398': [('3397', True)], '3563': [('3562', True)], '3581': [('3580', True)], '3594': [('3593', True)], '3596': [('1141', True)]}
MAIN i=531 block=149 nodes={'1143': (5, 1), '3399': (2, 1), '3564': (2, 1), '3582': (2, 1), '3595': (2, 1), '3597': (2, 1)} inputs={'1143': [('1142', True)], '3399': [('3398', True)], '3564': [('3563', True)], '3582': [('3581', True)], '3595': [('3594', True)], '3597': [('3596', True)]}
MAIN i=532 block=150 nodes={'1144': (1, 1), '1145': (5, 1), '3400': (2, 1), '3565': (2, 1), '3583': (2, 1), '3598': (2, 1)} inputs={'1144': [('1143', True)], '1145': [('3595', True)], '3400': [('3399', True)], '3565': [('3564', True)], '3583': [('3582', True)], '3598': [('3597', True)]}
MAIN i=533 block=150 nodes={'1148': (5, 1), '1147': (5, 1), '3401': (2, 1), '3566': (2, 1), '3584': (2, 1), '3599': (2, 1)} inputs={'1148': [('1144', True)], '1147': [('1145', True)], '3401': [('3400', True)], '3566': [('3565', True)], '3584': [('3583', True)], '3599': [('3598', True)]}
MAIN i=534 block=150 nodes={'1149': (5, 1), '3402': (2, 1), '3567': (2, 1), '3585': (2, 1), '3600': (2, 1), '3601': (2, 1)} inputs={'1149': [('1148', True)], '3402': [('3401', True)], '3567': [('3566', True)], '3585': [('3584', True)], '3600': [('3599', True)], '3601': [('1147', True)]}
MAIN i=535 block=151 nodes={'1150': (1, 1), '1151': (0, 1), '1152': (1, 1), '3403': (2, 1), '3568': (2, 1), '3586': (2, 1)} inputs={'1150': [('1149', True)], '1151': [('3600', True)], '1152': [('3601', True)], '3403': [('3402', True)], '3568': [('3567', True)], '3586': [('3585', True)]}
MAIN i=536 block=151 nodes={'1154': (5, 1), '1156': (5, 1), '1158': (5, 1), '3404': (2, 1), '3569': (2, 1), '3587': (2, 1)} inputs={'1154': [('1150', True)], '1156': [('1151', True)], '1158': [('1152', True)], '3404': [('3403', True)], '3569': [('3568', True)], '3587': [('3586', True)]}
MAIN i=537 block=151 nodes={'1155': (5, 1), '1157': (5, 2), '1159': (5, 1), '3405': (2, 1), '3570': (2, 1), '3588': (2, 1)} inputs={'1155': [('1154', True)], '1157': [('1156', True)], '1159': [('1158', True)], '3405': [('3404', True)], '3570': [('3569', True)], '3588': [('3587', True)]}
MAIN i=538 block=151 nodes={'1163': (5, 1), '1161': (1, 1), '3406': (2, 1), '3571': (2, 1), '3589': (2, 1), '3602': (2, 1)} inputs={'1163': [('1155', True)], '1161': [('1159', True), ('1157', True)], '3406': [('3405', True)], '3571': [('3570', True)], '3589': [('3588', True)], '3602': [('1157', True)]}
MAIN i=538 block=151: MCTS tier returned None for every seed (ceiling_flag=0)
MAIN i=539 block=151 nodes={'1164': (5, 1), '3407': (2, 1), '3572': (2, 1), '3590': (2, 1), '3603': (2, 1), '3618': (2, 1)} inputs={'1164': [('1163', True)], '3407': [('3406', True)], '3572': [('3571', True)], '3590': [('3589', True)], '3603': [('3602', True)], '3618': [('1161', True)]}
MAIN i=540 block=152 nodes={'1167': (1, 1), '1168': (0, 1), '3408': (2, 1), '3573': (2, 1), '3604': (2, 1), '3619': (2, 1)} inputs={'1167': [('3618', True)], '1168': [('3590', True)], '3408': [('3407', True)], '3573': [('3572', True)], '3604': [('3603', True)], '3619': [('1164', True)]}
MAIN i=541 block=152 nodes={'1169': (5, 1), '3409': (2, 1), '3574': (2, 1), '3605': (2, 1), '3620': (2, 1), '3667': (2, 1)} inputs={'1169': [('1167', True)], '3409': [('3408', True)], '3574': [('3573', True)], '3605': [('3604', True)], '3620': [('3619', True)], '3667': [('1168', True)]}
MAIN i=542 block=152 nodes={'1170': (5, 1), '3410': (2, 1), '3575': (2, 1), '3606': (2, 1), '3621': (2, 1), '3668': (2, 1)} inputs={'1170': [('1169', True)], '3410': [('3409', True)], '3575': [('3574', True)], '3606': [('3605', True)], '3621': [('3620', True)], '3668': [('3667', True)]}
MAIN i=543 block=153 nodes={'1171': (1, 1), '1172': (0, 1), '3411': (2, 1), '3607': (2, 1), '3622': (2, 1), '3669': (2, 1)} inputs={'1171': [('1170', True)], '1172': [('3575', True)], '3411': [('3410', True)], '3607': [('3606', True)], '3622': [('3621', True)], '3669': [('3668', True)]}
MAIN i=544 block=153 nodes={'1173': (5, 1), '3412': (2, 1), '3608': (2, 1), '3623': (2, 1), '3670': (2, 1), '3672': (2, 1)} inputs={'1173': [('1171', True)], '3412': [('3411', True)], '3608': [('3607', True)], '3623': [('3622', True)], '3670': [('3669', True)], '3672': [('1172', True)]}
MAIN i=545 block=153 nodes={'1174': (5, 1), '3413': (2, 1), '3609': (2, 1), '3624': (2, 1), '3671': (2, 1), '3673': (2, 1)} inputs={'1174': [('1173', True)], '3413': [('3412', True)], '3609': [('3608', True)], '3624': [('3623', True)], '3671': [('3670', True)], '3673': [('3672', True)]}
MAIN i=546 block=154 nodes={'1175': (1, 1), '1176': (5, 1), '3414': (2, 1), '3610': (2, 1), '3625': (2, 1), '3674': (2, 1)} inputs={'1175': [('1174', True)], '1176': [('3671', True)], '3414': [('3413', True)], '3610': [('3609', True)], '3625': [('3624', True)], '3674': [('3673', True)]}
MAIN i=547 block=154 nodes={'1179': (5, 1), '1178': (5, 1), '3415': (2, 1), '3611': (2, 1), '3626': (2, 1), '3675': (2, 1)} inputs={'1179': [('1175', True)], '1178': [('1176', True)], '3415': [('3414', True)], '3611': [('3610', True)], '3626': [('3625', True)], '3675': [('3674', True)]}
MAIN i=548 block=154 nodes={'1180': (5, 1), '3416': (2, 1), '3612': (2, 1), '3627': (2, 1), '3676': (2, 1), '3677': (2, 1)} inputs={'1180': [('1179', True)], '3416': [('3415', True)], '3612': [('3611', True)], '3627': [('3626', True)], '3676': [('3675', True)], '3677': [('1178', True)]}
MAIN i=549 block=155 nodes={'1181': (1, 1), '1182': (0, 1), '1183': (1, 1), '3417': (2, 1), '3613': (2, 1), '3628': (2, 1)} inputs={'1181': [('1180', True)], '1182': [('3676', True)], '1183': [('3677', True)], '3417': [('3416', True)], '3613': [('3612', True)], '3628': [('3627', True)]}
MAIN i=550 block=155 nodes={'1185': (5, 1), '1187': (5, 1), '1189': (5, 1), '3418': (2, 1), '3614': (2, 1), '3629': (2, 1)} inputs={'1185': [('1181', True)], '1187': [('1182', True)], '1189': [('1183', True)], '3418': [('3417', True)], '3614': [('3613', True)], '3629': [('3628', True)]}
MAIN i=551 block=155 nodes={'1186': (5, 1), '1188': (5, 2), '1190': (5, 1), '3419': (2, 1), '3615': (2, 1), '3630': (2, 1)} inputs={'1186': [('1185', True)], '1188': [('1187', True)], '1190': [('1189', True)], '3419': [('3418', True)], '3615': [('3614', True)], '3630': [('3629', True)]}
MAIN i=552 block=155 nodes={'1194': (5, 1), '1192': (1, 1), '3420': (2, 1), '3616': (2, 1), '3631': (2, 1), '3678': (2, 1)} inputs={'1194': [('1186', True)], '1192': [('1190', True), ('1188', True)], '3420': [('3419', True)], '3616': [('3615', True)], '3631': [('3630', True)], '3678': [('1188', True)]}
MAIN i=553 block=155 nodes={'1195': (5, 1), '3421': (2, 1), '3617': (2, 1), '3632': (2, 1), '3679': (2, 1), '3686': (2, 1)} inputs={'1195': [('1194', True)], '3421': [('3420', True)], '3617': [('3616', True)], '3632': [('3631', True)], '3679': [('3678', True)], '3686': [('1192', True)]}
MAIN i=554 block=156 nodes={'1196': (1, 1), '1197': (0, 1), '3422': (2, 1), '3633': (2, 1), '3680': (2, 1), '3687': (2, 1)} inputs={'1196': [('1195', True)], '1197': [('3617', True)], '3422': [('3421', True)], '3633': [('3632', True)], '3680': [('3679', True)], '3687': [('3686', True)]}
MAIN i=555 block=156 nodes={'1198': (5, 1), '3423': (2, 1), '3634': (2, 1), '3681': (2, 1), '3688': (2, 1), '3690': (2, 1)} inputs={'1198': [('1196', True)], '3423': [('3422', True)], '3634': [('3633', True)], '3681': [('3680', True)], '3688': [('3687', True)], '3690': [('1197', True)]}
MAIN i=556 block=156 nodes={'1199': (5, 1), '3424': (2, 1), '3635': (2, 1), '3682': (2, 1), '3689': (2, 1), '3691': (2, 1)} inputs={'1199': [('1198', True)], '3424': [('3423', True)], '3635': [('3634', True)], '3682': [('3681', True)], '3689': [('3688', True)], '3691': [('3690', True)]}
MAIN i=557 block=157 nodes={'1201': (1, 1), '1202': (0, 1), '3425': (2, 1), '3636': (2, 1), '3683': (2, 1), '3692': (2, 1)} inputs={'1201': [('1199', True)], '1202': [('3689', True)], '3425': [('3424', True)], '3636': [('3635', True)], '3683': [('3682', True)], '3692': [('3691', True)]}
MAIN i=558 block=157 nodes={'1203': (5, 1), '3426': (2, 1), '3637': (2, 1), '3684': (2, 1), '3693': (2, 1), '3706': (2, 1)} inputs={'1203': [('1201', True)], '3426': [('3425', True)], '3637': [('3636', True)], '3684': [('3683', True)], '3693': [('3692', True)], '3706': [('1202', True)]}
MAIN i=559 block=157 nodes={'1204': (5, 1), '3427': (2, 1), '3638': (2, 1), '3685': (2, 1), '3694': (2, 1), '3707': (2, 1)} inputs={'1204': [('1203', True)], '3427': [('3426', True)], '3638': [('3637', True)], '3685': [('3684', True)], '3694': [('3693', True)], '3707': [('3706', True)]}
MAIN i=560 block=158 nodes={'1205': (1, 1), '1206': (0, 1), '3428': (2, 1), '3639': (2, 1), '3695': (2, 1), '3708': (2, 1)} inputs={'1205': [('1204', True)], '1206': [('3685', True)], '3428': [('3427', True)], '3639': [('3638', True)], '3695': [('3694', True)], '3708': [('3707', True)]}
MAIN i=561 block=158 nodes={'1207': (5, 1), '3429': (2, 1), '3640': (2, 1), '3696': (2, 1), '3709': (2, 1), '3711': (2, 1)} inputs={'1207': [('1205', True)], '3429': [('3428', True)], '3640': [('3639', True)], '3696': [('3695', True)], '3709': [('3708', True)], '3711': [('1206', True)]}
MAIN i=562 block=158 nodes={'1208': (5, 1), '3430': (2, 1), '3641': (2, 1), '3697': (2, 1), '3710': (2, 1), '3712': (2, 1)} inputs={'1208': [('1207', True)], '3430': [('3429', True)], '3641': [('3640', True)], '3697': [('3696', True)], '3710': [('3709', True)], '3712': [('3711', True)]}
MAIN i=563 block=159 nodes={'1209': (1, 1), '1210': (5, 1), '3431': (2, 1), '3642': (2, 1), '3698': (2, 1), '3713': (2, 1)} inputs={'1209': [('1208', True)], '1210': [('3710', True)], '3431': [('3430', True)], '3642': [('3641', True)], '3698': [('3697', True)], '3713': [('3712', True)]}
MAIN i=564 block=159 nodes={'1213': (5, 1), '1212': (5, 1), '3432': (2, 1), '3643': (2, 1), '3699': (2, 1), '3714': (2, 1)} inputs={'1213': [('1209', True)], '1212': [('1210', True)], '3432': [('3431', True)], '3643': [('3642', True)], '3699': [('3698', True)], '3714': [('3713', True)]}
MAIN i=565 block=159 nodes={'1214': (5, 1), '3433': (2, 1), '3644': (2, 1), '3700': (2, 1), '3715': (2, 1), '3716': (2, 1)} inputs={'1214': [('1213', True)], '3433': [('3432', True)], '3644': [('3643', True)], '3700': [('3699', True)], '3715': [('3714', True)], '3716': [('1212', True)]}
MAIN i=566 block=160 nodes={'1215': (1, 1), '1216': (0, 1), '1217': (1, 1), '3434': (2, 1), '3645': (2, 1), '3701': (2, 1)} inputs={'1215': [('1214', True)], '1216': [('3715', True)], '1217': [('3716', True)], '3434': [('3433', True)], '3645': [('3644', True)], '3701': [('3700', True)]}
MAIN i=567 block=160 nodes={'1219': (5, 1), '1221': (5, 1), '1223': (5, 1), '3435': (2, 1), '3646': (2, 1), '3702': (2, 1)} inputs={'1219': [('1215', True)], '1221': [('1216', True)], '1223': [('1217', True)], '3435': [('3434', True)], '3646': [('3645', True)], '3702': [('3701', True)]}
MAIN i=568 block=160 nodes={'1220': (5, 1), '1222': (5, 2), '1224': (5, 1), '3436': (2, 1), '3647': (2, 1), '3703': (2, 1)} inputs={'1220': [('1219', True)], '1222': [('1221', True)], '1224': [('1223', True)], '3436': [('3435', True)], '3647': [('3646', True)], '3703': [('3702', True)]}
MAIN i=569 block=160 nodes={'1228': (5, 1), '1226': (1, 1), '3437': (2, 1), '3648': (2, 1), '3704': (2, 1), '3717': (2, 1)} inputs={'1228': [('1220', True)], '1226': [('1224', True), ('1222', True)], '3437': [('3436', True)], '3648': [('3647', True)], '3704': [('3703', True)], '3717': [('1222', True)]}
MAIN i=569 block=160: MCTS tier returned None for every seed (ceiling_flag=0)
MAIN i=570 block=160 nodes={'1229': (5, 1), '3438': (2, 1), '3649': (2, 1), '3705': (2, 1), '3718': (2, 1), '3719': (2, 1)} inputs={'1229': [('1228', True)], '3438': [('3437', True)], '3649': [('3648', True)], '3705': [('3704', True)], '3718': [('3717', True)], '3719': [('1226', True)]}
MAIN i=571 block=161 nodes={'1230': (1, 1), '1231': (0, 1), '1233': (0, 2), '3439': (2, 1), '3650': (2, 1), '3720': (2, 1)} inputs={'1230': [('1229', True)], '1231': [('3705', True)], '1233': [('3718', True)], '3439': [('3438', True)], '3650': [('3649', True)], '3720': [('3719', True)]}
MAIN i=572 block=161 nodes={'1234': (5, 1), '1232': (1, 1), '3440': (2, 1), '3651': (2, 1), '3721': (2, 1), '3724': (2, 1)} inputs={'1234': [('1230', True)], '1232': [('1231', True), ('1233', True)], '3440': [('3439', True)], '3651': [('3650', True)], '3721': [('3720', True)], '3724': [('1233', True)]}
MAIN i=573 block=161 nodes={'1235': (5, 1), '1236': (5, 1), '3441': (2, 1), '3652': (2, 1), '3722': (2, 1), '3725': (2, 1)} inputs={'1235': [('1234', True)], '1236': [('1232', True)], '3441': [('3440', True)], '3652': [('3651', True)], '3722': [('3721', True)], '3725': [('3724', True)]}
MAIN i=574 block=161 nodes={'1237': (5, 1), '3442': (2, 1), '3653': (2, 1), '3723': (2, 1), '3726': (2, 1), '3730': (2, 1)} inputs={'1237': [('1236', True)], '3442': [('3441', True)], '3653': [('3652', True)], '3723': [('3722', True)], '3726': [('3725', True)], '3730': [('1235', True)]}
MAIN i=575 block=162 nodes={'1238': (1, 1), '1239': (0, 1), '3443': (2, 1), '3654': (2, 1), '3727': (2, 1), '3731': (2, 1)} inputs={'1238': [('1237', True)], '1239': [('3723', True)], '3443': [('3442', True)], '3654': [('3653', True)], '3727': [('3726', True)], '3731': [('3730', True)]}
MAIN i=576 block=162 nodes={'1241': (5, 1), '3444': (2, 1), '3655': (2, 1), '3728': (2, 1), '3732': (2, 1), '3744': (2, 1)} inputs={'1241': [('1238', True)], '3444': [('3443', True)], '3655': [('3654', True)], '3728': [('3727', True)], '3732': [('3731', True)], '3744': [('1239', True)]}
MAIN i=577 block=162 nodes={'1242': (5, 1), '3445': (2, 1), '3656': (2, 1), '3729': (2, 1), '3733': (2, 1), '3745': (2, 1)} inputs={'1242': [('1241', True)], '3445': [('3444', True)], '3656': [('3655', True)], '3729': [('3728', True)], '3733': [('3732', True)], '3745': [('3744', True)]}
MAIN i=578 block=163 nodes={'1243': (1, 1), '1244': (0, 1), '3446': (2, 1), '3657': (2, 1), '3734': (2, 1), '3746': (2, 1)} inputs={'1243': [('1242', True)], '1244': [('3729', True)], '3446': [('3445', True)], '3657': [('3656', True)], '3734': [('3733', True)], '3746': [('3745', True)]}
MAIN i=579 block=163 nodes={'1245': (5, 1), '3447': (2, 1), '3658': (2, 1), '3735': (2, 1), '3747': (2, 1), '3749': (2, 1)} inputs={'1245': [('1243', True)], '3447': [('3446', True)], '3658': [('3657', True)], '3735': [('3734', True)], '3747': [('3746', True)], '3749': [('1244', True)]}
MAIN i=580 block=163 nodes={'1246': (5, 1), '3448': (2, 1), '3659': (2, 1), '3736': (2, 1), '3748': (2, 1), '3750': (2, 1)} inputs={'1246': [('1245', True)], '3448': [('3447', True)], '3659': [('3658', True)], '3736': [('3735', True)], '3748': [('3747', True)], '3750': [('3749', True)]}
MAIN i=581 block=164 nodes={'1247': (1, 1), '1248': (5, 1), '1254': (0, 2), '3449': (2, 1), '3660': (2, 1), '3737': (2, 1)} inputs={'1247': [('1246', True)], '1248': [('3748', True)], '1254': [('3750', True)], '3449': [('3448', True)], '3660': [('3659', True)], '3737': [('3736', True)]}
MAIN i=582 block=164 nodes={'1251': (5, 1), '1250': (5, 0), '1253': (1, 1), '3450': (2, 1), '3661': (2, 1), '3738': (2, 1), '3751': (2, 1)} inputs={'1251': [('1247', True)], '1250': [('1248', True)], '1253': [('1254', True)], '3450': [('3449', True)], '3661': [('3660', True)], '3738': [('3737', True)], '3751': [('1254', True)]}
MAIN i=583 block=164 nodes={'1252': (5, 1), '1256': (5, 1), '3451': (2, 1), '3662': (2, 1), '3739': (2, 1), '3752': (2, 1)} inputs={'1252': [('1251', True)], '1256': [('1253', True)], '3451': [('3450', True)], '3662': [('3661', True)], '3739': [('3738', True)], '3752': [('3751', True)]}
MAIN i=584 block=164 nodes={'1258': (5, 1), '1257': (5, 1), '3452': (2, 1), '3663': (2, 1), '3740': (2, 1), '3753': (2, 1)} inputs={'1258': [('1252', True)], '1257': [('1256', True)], '3452': [('3451', True)], '3663': [('3662', True)], '3740': [('3739', True)], '3753': [('3752', True)]}
MAIN i=585 block=164 nodes={'1259': (5, 1), '3453': (2, 1), '3664': (2, 1), '3741': (2, 1), '3754': (2, 1), '3755': (2, 1)} inputs={'1259': [('1258', True)], '3453': [('3452', True)], '3664': [('3663', True)], '3741': [('3740', True)], '3754': [('3753', True)], '3755': [('1257', True)]}
MAIN i=586 block=165 nodes={'1260': (1, 1), '1261': (5, 1), '3454': (2, 1), '3665': (2, 1), '3742': (2, 1), '3756': (2, 1)} inputs={'1260': [('3755', True)], '1261': [('3754', True)], '3454': [('3453', True)], '3665': [('3664', True)], '3742': [('3741', True)], '3756': [('1259', True)]}
MAIN i=587 block=165 nodes={'1263': (5, 1), '3455': (2, 1), '3666': (2, 1), '3743': (2, 1), '3757': (2, 1), '3758': (2, 1)} inputs={'1263': [('1261', True)], '3455': [('3454', True)], '3666': [('3665', True)], '3743': [('3742', True)], '3757': [('3756', True)], '3758': [('1260', True)]}
MAIN i=588 block=166 nodes={'3759': (3, 1), '3760': (2, 1), '3761': (2, 1), '3762': (2, 1), '3763': (2, 1), '3764': (2, 1)} inputs={'3759': [('1263', True)], '3760': [('3758', True)], '3761': [('3757', True)], '3762': [('3743', True)], '3763': [('3666', True)], '3764': [('3455', True)]}
MAIN i=589 block=166 nodes={} inputs={}
RETURN main-loop seal at i=589 block=166 brute_last=False layer nodes=[]
